dataset,condition,seed,model,test_auc_roc,test_auc_pr,test_brier,train_auc_roc,train_test_gap,threshold,n_total,L1,L2,L3,L4,L5
heart,ablation_L1,42,logistic_l2,0.8591,0.9179,0.1482,0.9227,0.0636,0.6232,297,False,True,True,True,True
heart,ablation_L1,123,random_forest,0.9078,0.9308,0.1282,1.0,0.0922,0.625,297,False,True,True,True,True
heart,ablation_L1,256,random_forest,0.9321,0.9437,0.1056,1.0,0.0679,0.555,297,False,True,True,True,True
heart,ablation_L1,512,logistic_l2,0.9258,0.9485,0.1026,0.9153,-0.0105,0.685,297,False,True,True,True,True
heart,ablation_L1,1024,logistic_l2,0.9088,0.9276,0.1144,0.9092,0.0004,0.6163,297,False,True,True,True,True
heart,ablation_L1,2048,logistic_l2,0.9029,0.9462,0.1171,0.9068,0.0039,0.715,297,False,True,True,True,True
heart,ablation_L1,4096,random_forest,0.9286,0.933,0.108,1.0,0.0714,0.555,297,False,True,True,True,True
heart,ablation_L1,8192,logistic_l2,0.913,0.9292,0.1162,0.912,-0.001,0.6379,297,False,True,True,True,True
heart,ablation_L1,16384,random_forest,0.9307,0.9424,0.1143,1.0,0.0693,0.72,297,False,True,True,True,True
heart,ablation_L1,32768,random_forest,0.9099,0.9111,0.128,1.0,0.0901,0.745,297,False,True,True,True,True
heart,ablation_L2,42,random_forest,0.9319,0.9411,0.0989,1.0,0.0681,0.56,297,True,False,True,True,True
heart,ablation_L2,123,random_forest,0.8845,0.8631,0.1515,1.0,0.1155,0.275,297,True,False,True,True,True
heart,ablation_L2,256,logistic_l2,0.9129,0.9035,0.119,0.9291,0.0162,0.5485,297,True,False,True,True,True
heart,ablation_L2,512,random_forest,0.8839,0.884,0.138,1.0,0.1161,0.425,297,True,False,True,True,True
heart,ablation_L2,1024,random_forest,0.8677,0.8803,0.1426,1.0,0.1323,0.4,297,True,False,True,True,True
heart,ablation_L2,2048,random_forest,0.8845,0.9007,0.1359,1.0,0.1155,0.605,297,True,False,True,True,True
heart,ablation_L2,4096,random_forest,0.9012,0.8817,0.1274,1.0,0.0988,0.6,297,True,False,True,True,True
heart,ablation_L2,8192,random_forest,0.9609,0.9619,0.0824,1.0,0.0391,0.66,297,True,False,True,True,True
heart,ablation_L2,16384,logistic_l2,0.8895,0.8809,0.1402,0.9474,0.0579,0.5811,297,True,False,True,True,True
heart,ablation_L2,32768,logistic_l2,0.8415,0.8214,0.1931,0.9555,0.114,0.8078,297,True,False,True,True,True
heart,ablation_L3,42,logistic_l2,0.8671,0.923,0.1386,0.9199,0.0528,0.5411,297,True,True,False,True,True
heart,ablation_L3,123,random_forest,0.9211,0.9401,0.1214,1.0,0.0789,0.58,297,True,True,False,True,True
heart,ablation_L3,256,random_forest,0.9331,0.9399,0.1071,1.0,0.0669,0.55,297,True,True,False,True,True
heart,ablation_L3,512,logistic_l2,0.9141,0.9405,0.1096,0.9111,-0.003,0.8148,297,True,True,False,True,True
heart,ablation_L3,1024,logistic_l2,0.9118,0.9269,0.1195,0.9148,0.003,0.7368,297,True,True,False,True,True
heart,ablation_L3,2048,logistic_l2,0.9189,0.9523,0.1114,0.9091,-0.0098,0.5651,297,True,True,False,True,True
heart,ablation_L3,4096,random_forest,0.9311,0.9327,0.1081,1.0,0.0689,0.555,297,True,True,False,True,True
heart,ablation_L3,8192,random_forest,0.9027,0.9116,0.1334,1.0,0.0973,0.265,297,True,True,False,True,True
heart,ablation_L3,16384,logistic_l2,0.9141,0.917,0.1091,0.9179,0.0038,0.611,297,True,True,False,True,True
heart,ablation_L3,32768,random_forest,0.9128,0.9148,0.1337,1.0,0.0872,0.86,297,True,True,False,True,True
heart,ablation_L4,42,logistic_l2,0.9299,0.9549,0.1129,0.9279,-0.002,0.5962,297,True,True,True,False,True
heart,ablation_L4,123,logistic_l2,0.8729,0.9048,0.1396,0.9293,0.0564,0.4417,297,True,True,True,False,True
heart,ablation_L4,256,random_forest,0.9384,0.9555,0.1157,1.0,0.0616,0.42,297,True,True,True,False,True
heart,ablation_L4,512,random_forest,0.9142,0.9222,0.1189,1.0,0.0858,0.54,297,True,True,True,False,True
heart,ablation_L4,1024,random_forest,0.8549,0.8395,0.148,1.0,0.1451,0.79,297,True,True,True,False,True
heart,ablation_L4,2048,random_forest,0.8854,0.9237,0.1417,1.0,0.1146,0.57,297,True,True,True,False,True
heart,ablation_L4,4096,random_forest,0.9142,0.9395,0.1231,1.0,0.0858,0.465,297,True,True,True,False,True
heart,ablation_L4,8192,random_forest,0.9362,0.9368,0.0975,1.0,0.0638,0.49,297,True,True,True,False,True
heart,ablation_L4,16384,logistic_l2,0.8768,0.862,0.1426,0.9216,0.0448,0.7148,297,True,True,True,False,True
heart,ablation_L4,32768,random_forest,0.8564,0.8831,0.1597,1.0,0.1436,0.645,297,True,True,True,False,True
heart,ablation_L5,42,logistic_l2,0.8571,0.9133,0.1502,0.9259,0.0688,0.6669,297,True,True,True,True,False
heart,ablation_L5,123,random_forest,0.9108,0.9362,0.121,1.0,0.0892,0.38,297,True,True,True,True,False
heart,ablation_L5,256,random_forest,0.9214,0.9299,0.1097,1.0,0.0786,0.665,297,True,True,True,True,False
heart,ablation_L5,512,logistic_l2,0.9326,0.9514,0.1024,0.9166,-0.016,0.4085,297,True,True,True,True,False
heart,ablation_L5,1024,logistic_l2,0.9059,0.9256,0.1184,0.9157,0.0098,0.5379,297,True,True,True,True,False
heart,ablation_L5,2048,logistic_l2,0.9039,0.9468,0.1167,0.9077,0.0038,0.5416,297,True,True,True,True,False
heart,ablation_L5,4096,random_forest,0.9267,0.933,0.1109,1.0,0.0733,0.635,297,True,True,True,True,False
heart,ablation_L5,8192,random_forest,0.9027,0.9116,0.1334,1.0,0.0973,0.45,297,True,True,True,True,False
heart,ablation_L5,16384,logistic_l2,0.916,0.9132,0.1084,0.9143,-0.0017,0.7166,297,True,True,True,True,False
heart,ablation_L5,32768,random_forest,0.9202,0.9187,0.1236,1.0,0.0798,0.705,297,True,True,True,True,False
heart,all_leaky,42,random_forest,0.8596,0.9095,0.1568,1.0,0.1404,0.765,297,True,True,True,True,True
heart,all_leaky,123,random_forest,0.9108,0.9362,0.121,1.0,0.0892,0.58,297,True,True,True,True,True
heart,all_leaky,256,random_forest,0.9272,0.9385,0.112,1.0,0.0728,0.445,297,True,True,True,True,True
heart,all_leaky,512,logistic_l2,0.9248,0.9477,0.1026,0.9154,-0.0094,0.6842,297,True,True,True,True,True
heart,all_leaky,1024,logistic_l2,0.9069,0.9263,0.1144,0.9088,0.0019,0.6183,297,True,True,True,True,True
heart,all_leaky,2048,random_forest,0.9179,0.9511,0.1194,1.0,0.0821,0.615,297,True,True,True,True,True
heart,all_leaky,4096,random_forest,0.9267,0.933,0.1109,1.0,0.0733,0.48,297,True,True,True,True,True
heart,all_leaky,8192,random_forest,0.8925,0.9023,0.141,1.0,0.1075,0.32,297,True,True,True,True,True
heart,all_leaky,16384,logistic_l2,0.9141,0.917,0.1091,0.9179,0.0038,0.611,297,True,True,True,True,True
heart,all_leaky,32768,random_forest,0.9025,0.9046,0.1311,1.0,0.0975,0.67,297,True,True,True,True,True
heart,clean,42,random_forest,0.8806,0.8148,0.1486,1.0,0.1194,0.62,297,False,False,False,False,False
heart,clean,123,random_forest,0.8677,0.869,0.1467,1.0,0.1323,0.33,297,False,False,False,False,False
heart,clean,256,logistic_l2,0.8349,0.8226,0.1517,0.9067,0.0718,0.6597,297,False,False,False,False,False
heart,clean,512,logistic_l2,0.8911,0.9132,0.1437,0.9166,0.0255,0.4979,297,False,False,False,False,False
heart,clean,1024,random_forest,0.8659,0.8969,0.1664,1.0,0.1341,0.435,297,False,False,False,False,False
heart,clean,2048,hist_gb,0.8258,0.8428,0.2029,1.0,0.1742,0.2659,297,False,False,False,False,False
heart,clean,4096,random_forest,0.9355,0.9537,0.1016,1.0,0.0645,0.54,297,False,False,False,False,False
heart,clean,8192,logistic_l2,0.953,0.93,0.0881,0.9118,-0.0412,0.6781,297,False,False,False,False,False
heart,clean,16384,logistic_l2,0.8457,0.838,0.1601,0.9259,0.0802,0.7558,297,False,False,False,False,False
heart,clean,32768,logistic_l2,0.8754,0.8961,0.1431,0.9244,0.049,0.61,297,False,False,False,False,False
breast,ablation_L1,42,random_forest,0.9935,0.9917,0.0287,1.0,0.0065,0.655,569,False,True,True,True,True
breast,ablation_L1,123,random_forest,0.9916,0.9903,0.0285,1.0,0.0084,0.335,569,False,True,True,True,True
breast,ablation_L1,256,logistic_l2,0.9925,0.9927,0.032,0.9939,0.0014,0.3956,569,False,True,True,True,True
breast,ablation_L1,512,random_forest,0.9792,0.983,0.0539,1.0,0.0208,0.495,569,False,True,True,True,True
breast,ablation_L1,1024,logistic_l2,0.9925,0.993,0.034,0.9929,0.0004,0.7941,569,False,True,True,True,True
breast,ablation_L1,2048,random_forest,0.9889,0.9924,0.0309,1.0,0.0111,0.75,569,False,True,True,True,True
breast,ablation_L1,4096,logistic_l2,0.9938,0.995,0.0364,0.9947,0.0009,0.5985,569,False,True,True,True,True
breast,ablation_L1,8192,logistic_l2,0.99,0.9907,0.0427,0.9938,0.0038,0.6659,569,False,True,True,True,True
breast,ablation_L1,16384,hist_gb,0.9921,0.9915,0.0507,1.0,0.0079,0.0096,569,False,True,True,True,True
breast,ablation_L1,32768,logistic_l2,0.9982,0.9978,0.0212,0.9892,-0.009,0.4296,569,False,True,True,True,True
breast,ablation_L2,42,logistic_l2,0.9954,0.9924,0.0267,0.9949,-0.0005,0.365,569,True,False,True,True,True
breast,ablation_L2,123,hist_gb,0.9808,0.9777,0.0399,1.0,0.0192,0.1071,569,True,False,True,True,True
breast,ablation_L2,256,random_forest,0.9957,0.9932,0.0295,1.0,0.0043,0.57,569,True,False,True,True,True
breast,ablation_L2,512,logistic_l2,0.9785,0.9742,0.0435,0.9951,0.0166,0.3431,569,True,False,True,True,True
breast,ablation_L2,1024,random_forest,0.9778,0.9768,0.0388,1.0,0.0222,0.44,569,True,False,True,True,True
breast,ablation_L2,2048,logistic_l2,0.9944,0.9908,0.0314,0.9907,-0.0037,0.3043,569,True,False,True,True,True
breast,ablation_L2,4096,logistic_l2,0.995,0.9925,0.0281,0.9933,-0.0017,0.5101,569,True,False,True,True,True
breast,ablation_L2,8192,logistic_l2,0.9974,0.9957,0.0275,0.9909,-0.0065,0.5505,569,True,False,True,True,True
breast,ablation_L2,16384,random_forest,0.9816,0.985,0.0223,1.0,0.0184,0.655,569,True,False,True,True,True
breast,ablation_L2,32768,logistic_l2,0.997,0.9949,0.032,0.9918,-0.0052,0.5411,569,True,False,True,True,True
breast,ablation_L3,42,random_forest,0.9939,0.9922,0.0297,1.0,0.0061,0.54,569,True,True,False,True,True
breast,ablation_L3,123,logistic_l2,0.996,0.9949,0.0269,0.9922,-0.0038,0.5686,569,True,True,False,True,True
breast,ablation_L3,256,logistic_l2,0.9925,0.9927,0.0318,0.9937,0.0012,0.4014,569,True,True,False,True,True
breast,ablation_L3,512,random_forest,0.9779,0.9815,0.0599,1.0,0.0221,0.24,569,True,True,False,True,True
breast,ablation_L3,1024,logistic_l2,0.9929,0.9932,0.0355,0.9926,-0.0003,0.8298,569,True,True,False,True,True
breast,ablation_L3,2048,random_forest,0.9887,0.9929,0.0293,1.0,0.0113,0.65,569,True,True,False,True,True
breast,ablation_L3,4096,logistic_l2,0.9944,0.9954,0.0347,0.9952,0.0008,0.6079,569,True,True,False,True,True
breast,ablation_L3,8192,logistic_l2,0.989,0.9898,0.0432,0.9939,0.0049,0.6809,569,True,True,False,True,True
breast,ablation_L3,16384,hist_gb,0.9919,0.9915,0.0427,1.0,0.0081,0.8786,569,True,True,False,True,True
breast,ablation_L3,32768,logistic_l2,0.9982,0.9978,0.0204,0.9898,-0.0084,0.4037,569,True,True,False,True,True
breast,ablation_L4,42,logistic_l2,0.984,0.982,0.0518,0.9941,0.0101,0.6059,569,True,True,True,False,True
breast,ablation_L4,123,hist_gb,0.994,0.994,0.0414,1.0,0.006,0.3289,569,True,True,True,False,True
breast,ablation_L4,256,logistic_l2,0.9963,0.9961,0.0266,0.9906,-0.0057,0.6724,569,True,True,True,False,True
breast,ablation_L4,512,logistic_l2,0.9952,0.9947,0.0296,0.9929,-0.0023,0.4996,569,True,True,True,False,True
breast,ablation_L4,1024,logistic_l2,0.9916,0.9913,0.0326,0.9958,0.0042,0.653,569,True,True,True,False,True
breast,ablation_L4,2048,logistic_l2,0.9975,0.9974,0.0245,0.9876,-0.0099,0.4461,569,True,True,True,False,True
breast,ablation_L4,4096,logistic_l2,0.9851,0.9877,0.0523,0.9945,0.0094,0.4916,569,True,True,True,False,True
breast,ablation_L4,8192,logistic_l2,0.9981,0.998,0.0215,0.9942,-0.0039,0.5699,569,True,True,True,False,True
breast,ablation_L4,16384,random_forest,0.999,0.9992,0.0205,1.0,0.001,0.225,569,True,True,True,False,True
breast,ablation_L4,32768,logistic_l2,0.995,0.9959,0.0269,0.9943,-0.0007,0.3319,569,True,True,True,False,True
breast,ablation_L5,42,random_forest,0.9937,0.992,0.0304,1.0,0.0063,0.59,569,True,True,True,True,False
breast,ablation_L5,123,random_forest,0.9952,0.9933,0.0241,1.0,0.0048,0.645,569,True,True,True,True,False
breast,ablation_L5,256,logistic_l2,0.9925,0.9927,0.0318,0.9937,0.0012,0.7655,569,True,True,True,True,False
breast,ablation_L5,512,random_forest,0.9779,0.9815,0.0599,1.0,0.0221,0.37,569,True,True,True,True,False
breast,ablation_L5,1024,logistic_l2,0.9927,0.9931,0.0339,0.9929,0.0002,0.5885,569,True,True,True,True,False
breast,ablation_L5,2048,random_forest,0.9882,0.9921,0.0316,1.0,0.0118,0.9,569,True,True,True,True,False
breast,ablation_L5,4096,logistic_l2,0.9944,0.9954,0.0347,0.9952,0.0008,0.4453,569,True,True,True,True,False
breast,ablation_L5,8192,logistic_l2,0.9904,0.9913,0.0408,0.9907,0.0003,0.404,569,True,True,True,True,False
breast,ablation_L5,16384,hist_gb,0.9919,0.9915,0.0427,1.0,0.0081,0.4613,569,True,True,True,True,False
breast,ablation_L5,32768,logistic_l2,0.9982,0.9978,0.0204,0.9898,-0.0084,0.576,569,True,True,True,True,False
breast,all_leaky,42,random_forest,0.9937,0.992,0.0304,1.0,0.0063,0.565,569,True,True,True,True,True
breast,all_leaky,123,random_forest,0.9952,0.9933,0.0241,1.0,0.0048,0.49,569,True,True,True,True,True
breast,all_leaky,256,logistic_l2,0.9925,0.9927,0.0318,0.9937,0.0012,0.4014,569,True,True,True,True,True
breast,all_leaky,512,random_forest,0.9779,0.9815,0.0599,1.0,0.0221,0.24,569,True,True,True,True,True
breast,all_leaky,1024,logistic_l2,0.9927,0.9931,0.0339,0.9929,0.0002,0.7872,569,True,True,True,True,True
breast,all_leaky,2048,random_forest,0.9882,0.9921,0.0316,1.0,0.0118,0.735,569,True,True,True,True,True
breast,all_leaky,4096,logistic_l2,0.9944,0.9954,0.0347,0.9952,0.0008,0.6079,569,True,True,True,True,True
breast,all_leaky,8192,logistic_l2,0.9904,0.9913,0.0408,0.9907,0.0003,0.7373,569,True,True,True,True,True
breast,all_leaky,16384,hist_gb,0.9919,0.9915,0.0427,1.0,0.0081,0.8786,569,True,True,True,True,True
breast,all_leaky,32768,logistic_l2,0.9982,0.9978,0.0204,0.9898,-0.0084,0.4037,569,True,True,True,True,True
breast,clean,42,hist_gb,0.9823,0.9762,0.0374,1.0,0.0177,0.8629,569,False,False,False,False,False
breast,clean,123,hist_gb,0.9766,0.9747,0.0841,1.0,0.0234,0.9954,569,False,False,False,False,False
breast,clean,256,random_forest,0.996,0.994,0.0294,1.0,0.004,0.81,569,False,False,False,False,False
breast,clean,512,logistic_l2,0.9757,0.9738,0.0414,0.9919,0.0162,0.6585,569,False,False,False,False,False
breast,clean,1024,logistic_l2,0.9964,0.9944,0.022,0.9913,-0.0051,0.647,569,False,False,False,False,False
breast,clean,2048,random_forest,0.9803,0.9705,0.0533,1.0,0.0197,0.385,569,False,False,False,False,False
breast,clean,4096,random_forest,0.9759,0.972,0.0416,1.0,0.0241,0.73,569,False,False,False,False,False
breast,clean,8192,random_forest,0.9893,0.9822,0.036,1.0,0.0107,0.335,569,False,False,False,False,False
breast,clean,16384,random_forest,0.9742,0.9723,0.0488,1.0,0.0258,0.32,569,False,False,False,False,False
breast,clean,32768,logistic_l2,0.9663,0.9699,0.0487,0.9967,0.0304,0.162,569,False,False,False,False,False
ckd,ablation_L1,42,random_forest,1.0,1.0,0.0049,1.0,0.0,0.8,399,False,True,True,True,True
ckd,ablation_L1,123,logistic_l2,1.0,1.0,0.017,1.0,0.0,0.3051,399,False,True,True,True,True
ckd,ablation_L1,256,logistic_l2,1.0,1.0,0.0183,1.0,0.0,0.1196,399,False,True,True,True,True
ckd,ablation_L1,512,hist_gb,1.0,1.0,0.0117,1.0,0.0,0.937,399,False,True,True,True,True
ckd,ablation_L1,1024,hist_gb,1.0,1.0,0.0,1.0,0.0,0.9887,399,False,True,True,True,True
ckd,ablation_L1,2048,random_forest,0.9988,0.9988,0.0138,1.0,0.0012,0.66,399,False,True,True,True,True
ckd,ablation_L1,4096,hist_gb,1.0,1.0,0.0065,1.0,0.0,0.1934,399,False,True,True,True,True
ckd,ablation_L1,8192,random_forest,1.0,1.0,0.0051,1.0,0.0,0.665,399,False,True,True,True,True
ckd,ablation_L1,16384,logistic_l2,0.9996,0.9996,0.0092,0.9999,0.0003,0.2429,399,False,True,True,True,True
ckd,ablation_L1,32768,logistic_l2,1.0,1.0,0.0063,0.9999,-0.0001,0.809,399,False,True,True,True,True
ckd,ablation_L2,42,random_forest,1.0,1.0,0.0094,1.0,0.0,0.745,399,True,False,True,True,True
ckd,ablation_L2,123,logistic_l2,1.0,1.0,0.0097,0.9998,-0.0002,0.2869,399,True,False,True,True,True
ckd,ablation_L2,256,logistic_l2,1.0,1.0,0.0089,0.9997,-0.0003,0.5681,399,True,False,True,True,True
ckd,ablation_L2,512,hist_gb,0.9953,0.9973,0.0332,1.0,0.0047,0.9857,399,True,False,True,True,True
ckd,ablation_L2,1024,logistic_l2,1.0,1.0,0.005,0.9997,-0.0003,0.5385,399,True,False,True,True,True
ckd,ablation_L2,2048,logistic_l2,1.0,1.0,0.0244,1.0,0.0,0.2605,399,True,False,True,True,True
ckd,ablation_L2,4096,logistic_l2,0.9993,0.9996,0.0155,0.9999,0.0006,0.4139,399,True,False,True,True,True
ckd,ablation_L2,8192,logistic_l2,0.9907,0.9956,0.0232,0.9999,0.0092,0.4875,399,True,False,True,True,True
ckd,ablation_L2,16384,logistic_l2,1.0,1.0,0.0069,0.9996,-0.0004,0.5103,399,True,False,True,True,True
ckd,ablation_L2,32768,logistic_l2,0.9993,0.9996,0.0146,1.0,0.0007,0.6433,399,True,False,True,True,True
ckd,ablation_L3,42,random_forest,1.0,1.0,0.0064,1.0,0.0,0.655,399,True,True,False,True,True
ckd,ablation_L3,123,logistic_l2,0.9984,0.9984,0.0233,1.0,0.0016,0.2649,399,True,True,False,True,True
ckd,ablation_L3,256,hist_gb,1.0,1.0,0.0098,1.0,0.0,0.0115,399,True,True,False,True,True
ckd,ablation_L3,512,hist_gb,1.0,1.0,0.0105,1.0,0.0,0.994,399,True,True,False,True,True
ckd,ablation_L3,1024,logistic_l2,1.0,1.0,0.0054,0.9995,-0.0005,0.7563,399,True,True,False,True,True
ckd,ablation_L3,2048,random_forest,0.9996,0.9996,0.0126,1.0,0.0004,0.22,399,True,True,False,True,True
ckd,ablation_L3,4096,logistic_l2,1.0,1.0,0.0089,0.9997,-0.0003,0.2553,399,True,True,False,True,True
ckd,ablation_L3,8192,hist_gb,1.0,1.0,0.0006,1.0,0.0,0.8286,399,True,True,False,True,True
ckd,ablation_L3,16384,logistic_l2,0.9996,0.9996,0.0095,0.9999,0.0003,0.2364,399,True,True,False,True,True
ckd,ablation_L3,32768,logistic_l2,1.0,1.0,0.0064,0.9999,-0.0001,0.8093,399,True,True,False,True,True
ckd,ablation_L4,42,logistic_l2,0.9988,0.9986,0.0099,1.0,0.0012,0.8601,399,True,True,True,False,True
ckd,ablation_L4,123,logistic_l2,0.9996,0.9995,0.0149,1.0,0.0004,0.327,399,True,True,True,False,True
ckd,ablation_L4,256,logistic_l2,0.9988,0.9988,0.0194,1.0,0.0012,0.4061,399,True,True,True,False,True
ckd,ablation_L4,512,hist_gb,0.9992,0.9993,0.0216,1.0,0.0008,0.0343,399,True,True,True,False,True
ckd,ablation_L4,1024,hist_gb,1.0,1.0,0.0,1.0,0.0,0.9994,399,True,True,True,False,True
ckd,ablation_L4,2048,logistic_l2,1.0,1.0,0.0088,1.0,0.0,0.4097,399,True,True,True,False,True
ckd,ablation_L4,4096,logistic_l2,0.9988,0.9989,0.0171,0.9996,0.0008,0.4571,399,True,True,True,False,True
ckd,ablation_L4,8192,logistic_l2,1.0,1.0,0.011,0.9999,-0.0001,0.3771,399,True,True,True,False,True
ckd,ablation_L4,16384,logistic_l2,1.0,1.0,0.0132,0.9999,-0.0001,0.2498,399,True,True,True,False,True
ckd,ablation_L4,32768,random_forest,1.0,1.0,0.0133,1.0,0.0,0.74,399,True,True,True,False,True
ckd,ablation_L5,42,random_forest,1.0,1.0,0.0061,1.0,0.0,0.575,399,True,True,True,True,False
ckd,ablation_L5,123,logistic_l2,0.9996,0.9996,0.0179,1.0,0.0004,0.6796,399,True,True,True,True,False
ckd,ablation_L5,256,logistic_l2,1.0,1.0,0.0187,1.0,0.0,0.4981,399,True,True,True,True,False
ckd,ablation_L5,512,logistic_l2,0.9992,0.9991,0.0138,0.9999,0.0007,0.3587,399,True,True,True,True,False
ckd,ablation_L5,1024,logistic_l2,1.0,1.0,0.0054,0.9995,-0.0005,0.6316,399,True,True,True,True,False
ckd,ablation_L5,2048,random_forest,0.9996,0.9996,0.0126,1.0,0.0004,0.76,399,True,True,True,True,False
ckd,ablation_L5,4096,logistic_l2,1.0,1.0,0.0089,0.9997,-0.0003,0.561,399,True,True,True,True,False
ckd,ablation_L5,8192,random_forest,1.0,1.0,0.0043,1.0,0.0,0.6,399,True,True,True,True,False
ckd,ablation_L5,16384,logistic_l2,0.9996,0.9996,0.0095,0.9999,0.0003,0.3494,399,True,True,True,True,False
ckd,ablation_L5,32768,logistic_l2,1.0,1.0,0.0064,0.9999,-0.0001,0.2476,399,True,True,True,True,False
ckd,all_leaky,42,random_forest,1.0,1.0,0.0074,1.0,0.0,0.645,399,True,True,True,True,True
ckd,all_leaky,123,logistic_l2,0.9996,0.9996,0.0179,1.0,0.0004,0.2953,399,True,True,True,True,True
ckd,all_leaky,256,logistic_l2,1.0,1.0,0.0187,1.0,0.0,0.1282,399,True,True,True,True,True
ckd,all_leaky,512,logistic_l2,0.9992,0.9991,0.0138,0.9999,0.0007,0.4843,399,True,True,True,True,True
ckd,all_leaky,1024,logistic_l2,1.0,1.0,0.0054,0.9995,-0.0005,0.7563,399,True,True,True,True,True
ckd,all_leaky,2048,hist_gb,0.9992,0.9992,0.0112,1.0,0.0008,0.6552,399,True,True,True,True,True
ckd,all_leaky,4096,logistic_l2,1.0,1.0,0.0089,0.9997,-0.0003,0.2553,399,True,True,True,True,True
ckd,all_leaky,8192,random_forest,1.0,1.0,0.0043,1.0,0.0,0.735,399,True,True,True,True,True
ckd,all_leaky,16384,logistic_l2,0.9996,0.9996,0.0095,0.9999,0.0003,0.2364,399,True,True,True,True,True
ckd,all_leaky,32768,logistic_l2,1.0,1.0,0.0064,0.9999,-0.0001,0.8093,399,True,True,True,True,True
ckd,clean,42,random_forest,0.9993,0.9996,0.0175,1.0,0.0007,0.77,399,False,False,False,False,False
ckd,clean,123,logistic_l2,0.9972,0.9993,0.0352,0.9999,0.0027,0.6775,399,False,False,False,False,False
ckd,clean,256,random_forest,1.0,1.0,0.0114,1.0,0.0,0.735,399,False,False,False,False,False
ckd,clean,512,hist_gb,0.9981,0.9988,0.0182,1.0,0.0019,0.9998,399,False,False,False,False,False
ckd,clean,1024,logistic_l2,0.9994,0.9996,0.0096,0.9998,0.0004,0.6779,399,False,False,False,False,False
ckd,clean,2048,hist_gb,1.0,1.0,0.0184,1.0,0.0,0.9965,399,False,False,False,False,False
ckd,clean,4096,hist_gb,1.0,1.0,0.0036,1.0,0.0,0.9986,399,False,False,False,False,False
ckd,clean,8192,logistic_l2,1.0,1.0,0.0042,0.9997,-0.0003,0.3561,399,False,False,False,False,False
ckd,clean,16384,random_forest,1.0,1.0,0.0016,1.0,0.0,0.635,399,False,False,False,False,False
ckd,clean,32768,logistic_l2,0.9992,0.9997,0.009,1.0,0.0008,0.8764,399,False,False,False,False,False
pima,ablation_L1,42,random_forest,0.9183,0.9036,0.1189,1.0,0.0817,0.545,768,False,True,True,True,True
pima,ablation_L1,123,random_forest,0.9014,0.8791,0.1312,1.0,0.0986,0.435,768,False,True,True,True,True
pima,ablation_L1,256,random_forest,0.8616,0.846,0.1505,1.0,0.1384,0.645,768,False,True,True,True,True
pima,ablation_L1,512,random_forest,0.8543,0.8381,0.1532,1.0,0.1457,0.385,768,False,True,True,True,True
pima,ablation_L1,1024,random_forest,0.881,0.8711,0.1412,1.0,0.119,0.47,768,False,True,True,True,True
pima,ablation_L1,2048,random_forest,0.9066,0.9034,0.1263,1.0,0.0934,0.55,768,False,True,True,True,True
pima,ablation_L1,4096,random_forest,0.8942,0.8942,0.1305,1.0,0.1058,0.6,768,False,True,True,True,True
pima,ablation_L1,8192,random_forest,0.8935,0.9078,0.1349,1.0,0.1065,0.505,768,False,True,True,True,True
pima,ablation_L1,16384,random_forest,0.8819,0.8362,0.139,1.0,0.1181,0.54,768,False,True,True,True,True
pima,ablation_L1,32768,random_forest,0.8763,0.8742,0.1413,1.0,0.1237,0.48,768,False,True,True,True,True
pima,ablation_L2,42,random_forest,0.8312,0.7082,0.16,1.0,0.1688,0.355,768,True,False,True,True,True
pima,ablation_L2,123,random_forest,0.8722,0.7522,0.151,1.0,0.1278,0.62,768,True,False,True,True,True
pima,ablation_L2,256,random_forest,0.8331,0.7246,0.1588,1.0,0.1669,0.515,768,True,False,True,True,True
pima,ablation_L2,512,random_forest,0.8338,0.7113,0.1618,1.0,0.1662,0.525,768,True,False,True,True,True
pima,ablation_L2,1024,random_forest,0.784,0.6521,0.1853,1.0,0.216,0.34,768,True,False,True,True,True
pima,ablation_L2,2048,random_forest,0.7438,0.5877,0.2016,1.0,0.2562,0.275,768,True,False,True,True,True
pima,ablation_L2,4096,random_forest,0.886,0.786,0.1356,1.0,0.114,0.36,768,True,False,True,True,True
pima,ablation_L2,8192,random_forest,0.8105,0.6804,0.1695,1.0,0.1895,0.375,768,True,False,True,True,True
pima,ablation_L2,16384,random_forest,0.8296,0.7121,0.1697,1.0,0.1704,0.35,768,True,False,True,True,True
pima,ablation_L2,32768,random_forest,0.8462,0.716,0.1542,1.0,0.1538,0.265,768,True,False,True,True,True
pima,ablation_L3,42,random_forest,0.9178,0.9071,0.1198,1.0,0.0822,0.48,768,True,True,False,True,True
pima,ablation_L3,123,random_forest,0.8894,0.8627,0.1373,1.0,0.1106,0.395,768,True,True,False,True,True
pima,ablation_L3,256,random_forest,0.8603,0.8545,0.1521,1.0,0.1397,0.66,768,True,True,False,True,True
pima,ablation_L3,512,random_forest,0.8663,0.8549,0.1469,1.0,0.1337,0.32,768,True,True,False,True,True
pima,ablation_L3,1024,random_forest,0.8823,0.8808,0.1407,1.0,0.1177,0.54,768,True,True,False,True,True
pima,ablation_L3,2048,random_forest,0.9083,0.9065,0.1259,1.0,0.0917,0.515,768,True,True,False,True,True
pima,ablation_L3,4096,random_forest,0.8891,0.8829,0.1334,1.0,0.1109,0.61,768,True,True,False,True,True
pima,ablation_L3,8192,random_forest,0.8914,0.8995,0.1356,1.0,0.1086,0.6,768,True,True,False,True,True
pima,ablation_L3,16384,random_forest,0.8949,0.8531,0.1336,1.0,0.1051,0.55,768,True,True,False,True,True
pima,ablation_L3,32768,random_forest,0.8772,0.8855,0.1404,1.0,0.1228,0.475,768,True,True,False,True,True
pima,ablation_L4,42,random_forest,0.8871,0.8436,0.1348,1.0,0.1129,0.515,768,True,True,True,False,True
pima,ablation_L4,123,random_forest,0.8949,0.8871,0.1347,1.0,0.1051,0.53,768,True,True,True,False,True
pima,ablation_L4,256,random_forest,0.9146,0.88,0.1207,1.0,0.0854,0.495,768,True,True,True,False,True
pima,ablation_L4,512,random_forest,0.86,0.8343,0.152,1.0,0.14,0.445,768,True,True,True,False,True
pima,ablation_L4,1024,random_forest,0.9044,0.8912,0.1253,1.0,0.0956,0.355,768,True,True,True,False,True
pima,ablation_L4,2048,random_forest,0.8556,0.8029,0.1532,1.0,0.1444,0.515,768,True,True,True,False,True
pima,ablation_L4,4096,random_forest,0.8829,0.8939,0.1381,1.0,0.1171,0.475,768,True,True,True,False,True
pima,ablation_L4,8192,random_forest,0.8566,0.8698,0.1493,1.0,0.1434,0.455,768,True,True,True,False,True
pima,ablation_L4,16384,random_forest,0.8704,0.8476,0.1445,1.0,0.1296,0.47,768,True,True,True,False,True
pima,ablation_L4,32768,random_forest,0.8994,0.883,0.1347,1.0,0.1006,0.55,768,True,True,True,False,True
pima,ablation_L5,42,random_forest,0.9178,0.9071,0.1198,1.0,0.0822,0.585,768,True,True,True,True,False
pima,ablation_L5,123,random_forest,0.8894,0.8627,0.1373,1.0,0.1106,0.59,768,True,True,True,True,False
pima,ablation_L5,256,random_forest,0.8603,0.8545,0.1521,1.0,0.1397,0.475,768,True,True,True,True,False
pima,ablation_L5,512,random_forest,0.8663,0.8549,0.1469,1.0,0.1337,0.415,768,True,True,True,True,False
pima,ablation_L5,1024,random_forest,0.8823,0.8808,0.1407,1.0,0.1177,0.56,768,True,True,True,True,False
pima,ablation_L5,2048,random_forest,0.9083,0.9065,0.1259,1.0,0.0917,0.535,768,True,True,True,True,False
pima,ablation_L5,4096,random_forest,0.8891,0.8829,0.1334,1.0,0.1109,0.39,768,True,True,True,True,False
pima,ablation_L5,8192,random_forest,0.8914,0.8995,0.1356,1.0,0.1086,0.49,768,True,True,True,True,False
pima,ablation_L5,16384,random_forest,0.8949,0.8531,0.1336,1.0,0.1051,0.565,768,True,True,True,True,False
pima,ablation_L5,32768,random_forest,0.8772,0.8855,0.1404,1.0,0.1228,0.465,768,True,True,True,True,False
pima,all_leaky,42,random_forest,0.9178,0.9071,0.1198,1.0,0.0822,0.48,768,True,True,True,True,True
pima,all_leaky,123,random_forest,0.8894,0.8627,0.1373,1.0,0.1106,0.395,768,True,True,True,True,True
pima,all_leaky,256,random_forest,0.8603,0.8545,0.1521,1.0,0.1397,0.66,768,True,True,True,True,True
pima,all_leaky,512,random_forest,0.8663,0.8549,0.1469,1.0,0.1337,0.32,768,True,True,True,True,True
pima,all_leaky,1024,random_forest,0.8823,0.8808,0.1407,1.0,0.1177,0.54,768,True,True,True,True,True
pima,all_leaky,2048,random_forest,0.9083,0.9065,0.1259,1.0,0.0917,0.515,768,True,True,True,True,True
pima,all_leaky,4096,random_forest,0.8891,0.8829,0.1334,1.0,0.1109,0.61,768,True,True,True,True,True
pima,all_leaky,8192,random_forest,0.8914,0.8995,0.1356,1.0,0.1086,0.6,768,True,True,True,True,True
pima,all_leaky,16384,random_forest,0.8949,0.8531,0.1336,1.0,0.1051,0.55,768,True,True,True,True,True
pima,all_leaky,32768,random_forest,0.8772,0.8855,0.1404,1.0,0.1228,0.475,768,True,True,True,True,True
pima,clean,42,random_forest,0.8798,0.7919,0.1332,1.0,0.1202,0.375,768,False,False,False,False,False
pima,clean,123,random_forest,0.7936,0.6411,0.1779,1.0,0.2064,0.25,768,False,False,False,False,False
pima,clean,256,random_forest,0.8505,0.8019,0.1545,1.0,0.1495,0.385,768,False,False,False,False,False
pima,clean,512,random_forest,0.8471,0.6872,0.1539,1.0,0.1529,0.34,768,False,False,False,False,False
pima,clean,1024,random_forest,0.799,0.6496,0.175,1.0,0.201,0.175,768,False,False,False,False,False
pima,clean,2048,random_forest,0.8169,0.6934,0.1683,1.0,0.1831,0.505,768,False,False,False,False,False
pima,clean,4096,random_forest,0.8221,0.7166,0.1656,1.0,0.1779,0.32,768,False,False,False,False,False
pima,clean,8192,random_forest,0.7864,0.7258,0.1839,1.0,0.2136,0.26,768,False,False,False,False,False
pima,clean,16384,random_forest,0.7735,0.5559,0.1918,1.0,0.2265,0.455,768,False,False,False,False,False
pima,clean,32768,random_forest,0.8246,0.6596,0.1659,1.0,0.1754,0.305,768,False,False,False,False,False
framingham,ablation_L1,42,hist_gb,0.9574,0.9665,0.076,1.0,0.0426,0.4922,4240,False,True,True,True,True
framingham,ablation_L1,123,hist_gb,0.9427,0.9552,0.0865,1.0,0.0573,0.6107,4240,False,True,True,True,True
framingham,ablation_L1,256,hist_gb,0.9384,0.9502,0.0919,0.9999,0.0615,0.558,4240,False,True,True,True,True
framingham,ablation_L1,512,hist_gb,0.9465,0.9594,0.0865,1.0,0.0535,0.5881,4240,False,True,True,True,True
framingham,ablation_L1,1024,hist_gb,0.9564,0.9655,0.0777,1.0,0.0436,0.6356,4240,False,True,True,True,True
framingham,ablation_L1,2048,hist_gb,0.9436,0.9537,0.0886,1.0,0.0564,0.5223,4240,False,True,True,True,True
framingham,ablation_L1,4096,hist_gb,0.9446,0.9561,0.0896,1.0,0.0554,0.5093,4240,False,True,True,True,True
framingham,ablation_L1,8192,hist_gb,0.9541,0.9651,0.0776,1.0,0.0459,0.5664,4240,False,True,True,True,True
framingham,ablation_L1,16384,hist_gb,0.9416,0.956,0.0907,1.0,0.0584,0.5725,4240,False,True,True,True,True
framingham,ablation_L1,32768,hist_gb,0.9563,0.9659,0.0785,1.0,0.0437,0.5576,4240,False,True,True,True,True
framingham,ablation_L2,42,random_forest,0.6452,0.2587,0.1493,1.0,0.3548,0.255,4240,True,False,True,True,True
framingham,ablation_L2,123,random_forest,0.6731,0.2713,0.1484,1.0,0.3269,0.26,4240,True,False,True,True,True
framingham,ablation_L2,256,random_forest,0.657,0.2468,0.1472,1.0,0.343,0.23,4240,True,False,True,True,True
framingham,ablation_L2,512,random_forest,0.6545,0.2746,0.1518,1.0,0.3455,0.26,4240,True,False,True,True,True
framingham,ablation_L2,1024,random_forest,0.6503,0.23,0.1544,1.0,0.3497,0.33,4240,True,False,True,True,True
framingham,ablation_L2,2048,random_forest,0.6474,0.2654,0.1508,1.0,0.3526,0.255,4240,True,False,True,True,True
framingham,ablation_L2,4096,random_forest,0.6712,0.275,0.1438,1.0,0.3288,0.185,4240,True,False,True,True,True
framingham,ablation_L2,8192,random_forest,0.6686,0.26,0.1494,1.0,0.3314,0.31,4240,True,False,True,True,True
framingham,ablation_L2,16384,random_forest,0.6378,0.2679,0.1495,1.0,0.3622,0.38,4240,True,False,True,True,True
framingham,ablation_L2,32768,random_forest,0.6397,0.2539,0.155,1.0,0.3603,0.235,4240,True,False,True,True,True
framingham,ablation_L3,42,hist_gb,0.9539,0.9645,0.0781,1.0,0.0461,0.6528,4240,True,True,False,True,True
framingham,ablation_L3,123,hist_gb,0.9432,0.9551,0.0868,1.0,0.0568,0.5985,4240,True,True,False,True,True
framingham,ablation_L3,256,hist_gb,0.9374,0.9475,0.0923,1.0,0.0626,0.5529,4240,True,True,False,True,True
framingham,ablation_L3,512,hist_gb,0.9509,0.9623,0.0838,1.0,0.0491,0.635,4240,True,True,False,True,True
framingham,ablation_L3,1024,hist_gb,0.9539,0.9628,0.0806,1.0,0.0461,0.6491,4240,True,True,False,True,True
framingham,ablation_L3,2048,hist_gb,0.9421,0.9526,0.0898,0.9999,0.0578,0.5801,4240,True,True,False,True,True
framingham,ablation_L3,4096,hist_gb,0.945,0.9575,0.0889,1.0,0.055,0.5547,4240,True,True,False,True,True
framingham,ablation_L3,8192,hist_gb,0.9597,0.9689,0.0737,1.0,0.0403,0.5631,4240,True,True,False,True,True
framingham,ablation_L3,16384,hist_gb,0.9416,0.9546,0.0919,1.0,0.0584,0.6203,4240,True,True,False,True,True
framingham,ablation_L3,32768,hist_gb,0.9565,0.9658,0.0796,1.0,0.0435,0.6893,4240,True,True,False,True,True
framingham,ablation_L4,42,hist_gb,0.9568,0.9637,0.0762,1.0,0.0432,0.5717,4240,True,True,True,False,True
framingham,ablation_L4,123,hist_gb,0.9446,0.956,0.086,1.0,0.0554,0.5426,4240,True,True,True,False,True
framingham,ablation_L4,256,hist_gb,0.9465,0.9572,0.0854,1.0,0.0535,0.5761,4240,True,True,True,False,True
framingham,ablation_L4,512,hist_gb,0.9484,0.9597,0.0855,1.0,0.0516,0.4441,4240,True,True,True,False,True
framingham,ablation_L4,1024,hist_gb,0.9476,0.958,0.0862,1.0,0.0524,0.5362,4240,True,True,True,False,True
framingham,ablation_L4,2048,hist_gb,0.9463,0.9561,0.0834,1.0,0.0537,0.5657,4240,True,True,True,False,True
framingham,ablation_L4,4096,hist_gb,0.9515,0.9593,0.0818,1.0,0.0485,0.5077,4240,True,True,True,False,True
framingham,ablation_L4,8192,hist_gb,0.9411,0.9566,0.0902,1.0,0.0589,0.6552,4240,True,True,True,False,True
framingham,ablation_L4,16384,hist_gb,0.9539,0.9636,0.0807,1.0,0.0461,0.6394,4240,True,True,True,False,True
framingham,ablation_L4,32768,hist_gb,0.9491,0.9603,0.0844,1.0,0.0509,0.5211,4240,True,True,True,False,True
framingham,ablation_L5,42,hist_gb,0.953,0.9641,0.0775,1.0,0.047,0.5096,4240,True,True,True,True,False
framingham,ablation_L5,123,hist_gb,0.9432,0.9551,0.0868,1.0,0.0568,0.4745,4240,True,True,True,True,False
framingham,ablation_L5,256,hist_gb,0.9374,0.9475,0.0923,1.0,0.0626,0.6914,4240,True,True,True,True,False
framingham,ablation_L5,512,hist_gb,0.9509,0.9623,0.0838,1.0,0.0491,0.5884,4240,True,True,True,True,False
framingham,ablation_L5,1024,hist_gb,0.9543,0.9643,0.0789,1.0,0.0457,0.5943,4240,True,True,True,True,False
framingham,ablation_L5,2048,hist_gb,0.9421,0.9526,0.0898,0.9999,0.0578,0.6128,4240,True,True,True,True,False
framingham,ablation_L5,4096,hist_gb,0.945,0.9575,0.0889,1.0,0.055,0.6344,4240,True,True,True,True,False
framingham,ablation_L5,8192,hist_gb,0.9597,0.9689,0.0737,1.0,0.0403,0.4961,4240,True,True,True,True,False
framingham,ablation_L5,16384,hist_gb,0.9416,0.9546,0.0919,1.0,0.0584,0.5675,4240,True,True,True,True,False
framingham,ablation_L5,32768,hist_gb,0.9579,0.9671,0.0771,1.0,0.0421,0.6319,4240,True,True,True,True,False
framingham,all_leaky,42,hist_gb,0.9539,0.9645,0.0781,1.0,0.0461,0.6528,4240,True,True,True,True,True
framingham,all_leaky,123,hist_gb,0.9432,0.9551,0.0868,1.0,0.0568,0.5985,4240,True,True,True,True,True
framingham,all_leaky,256,hist_gb,0.9374,0.9475,0.0923,1.0,0.0626,0.5529,4240,True,True,True,True,True
framingham,all_leaky,512,hist_gb,0.9509,0.9623,0.0838,1.0,0.0491,0.635,4240,True,True,True,True,True
framingham,all_leaky,1024,hist_gb,0.9543,0.9643,0.0789,1.0,0.0457,0.6428,4240,True,True,True,True,True
framingham,all_leaky,2048,hist_gb,0.9421,0.9526,0.0898,0.9999,0.0578,0.5801,4240,True,True,True,True,True
framingham,all_leaky,4096,hist_gb,0.945,0.9575,0.0889,1.0,0.055,0.5547,4240,True,True,True,True,True
framingham,all_leaky,8192,hist_gb,0.9597,0.9689,0.0737,1.0,0.0403,0.5631,4240,True,True,True,True,True
framingham,all_leaky,16384,hist_gb,0.9416,0.9546,0.0919,1.0,0.0584,0.6203,4240,True,True,True,True,True
framingham,all_leaky,32768,hist_gb,0.9565,0.9658,0.0796,1.0,0.0435,0.6893,4240,True,True,True,True,True
framingham,clean,42,random_forest,0.6198,0.2328,0.1555,1.0,0.3802,0.33,4240,False,False,False,False,False
framingham,clean,123,random_forest,0.6976,0.2891,0.1407,1.0,0.3024,0.265,4240,False,False,False,False,False
framingham,clean,256,random_forest,0.6925,0.3032,0.1443,1.0,0.3075,0.27,4240,False,False,False,False,False
framingham,clean,512,random_forest,0.6683,0.2866,0.1534,1.0,0.3317,0.38,4240,False,False,False,False,False
framingham,clean,1024,random_forest,0.6932,0.2635,0.14,1.0,0.3068,0.195,4240,False,False,False,False,False
framingham,clean,2048,random_forest,0.7001,0.2651,0.1375,1.0,0.2999,0.35,4240,False,False,False,False,False
framingham,clean,4096,random_forest,0.6674,0.2813,0.1419,1.0,0.3326,0.36,4240,False,False,False,False,False
framingham,clean,8192,random_forest,0.6721,0.2577,0.1414,1.0,0.3279,0.215,4240,False,False,False,False,False
framingham,clean,16384,random_forest,0.6445,0.2071,0.147,1.0,0.3555,0.325,4240,False,False,False,False,False
framingham,clean,32768,random_forest,0.6614,0.2717,0.1525,1.0,0.3386,0.25,4240,False,False,False,False,False
diabetes130,ablation_L1,42,random_forest,0.9692,0.978,0.0634,1.0,0.0308,0.47,10000,False,True,True,True,True
diabetes130,ablation_L1,123,random_forest,0.9647,0.9745,0.067,1.0,0.0353,0.505,10000,False,True,True,True,True
diabetes130,ablation_L1,256,random_forest,0.9686,0.9768,0.0654,1.0,0.0314,0.505,10000,False,True,True,True,True
diabetes130,ablation_L1,512,random_forest,0.9692,0.977,0.0631,1.0,0.0308,0.52,10000,False,True,True,True,True
diabetes130,ablation_L1,1024,random_forest,0.9725,0.9799,0.0622,1.0,0.0275,0.495,10000,False,True,True,True,True
diabetes130,ablation_L1,2048,random_forest,0.9693,0.9772,0.0616,1.0,0.0307,0.51,10000,False,True,True,True,True
diabetes130,ablation_L1,4096,random_forest,0.9711,0.9784,0.0615,1.0,0.0289,0.53,10000,False,True,True,True,True
diabetes130,ablation_L1,8192,random_forest,0.9716,0.9787,0.0613,1.0,0.0284,0.505,10000,False,True,True,True,True
diabetes130,ablation_L1,16384,random_forest,0.9689,0.9771,0.065,1.0,0.0311,0.515,10000,False,True,True,True,True
diabetes130,ablation_L1,32768,random_forest,0.9726,0.9793,0.0602,1.0,0.0274,0.45,10000,False,True,True,True,True
diabetes130,ablation_L2,42,random_forest,0.579,0.1613,0.1073,1.0,0.421,0.1975,10000,True,False,True,True,True
diabetes130,ablation_L2,123,random_forest,0.5879,0.147,0.1069,1.0,0.4121,0.135,10000,True,False,True,True,True
diabetes130,ablation_L2,256,random_forest,0.5786,0.1608,0.1063,1.0,0.4214,0.1817,10000,True,False,True,True,True
diabetes130,ablation_L2,512,random_forest,0.5945,0.1587,0.1068,1.0,0.4055,0.19,10000,True,False,True,True,True
diabetes130,ablation_L2,1024,random_forest,0.5953,0.1629,0.1046,1.0,0.4047,0.13,10000,True,False,True,True,True
diabetes130,ablation_L2,2048,random_forest,0.6299,0.1669,0.103,1.0,0.3701,0.13,10000,True,False,True,True,True
diabetes130,ablation_L2,4096,random_forest,0.6,0.1651,0.1044,1.0,0.4,0.145,10000,True,False,True,True,True
diabetes130,ablation_L2,8192,random_forest,0.6229,0.1635,0.1032,1.0,0.3771,0.16,10000,True,False,True,True,True
diabetes130,ablation_L2,16384,random_forest,0.6243,0.168,0.1051,1.0,0.3757,0.135,10000,True,False,True,True,True
diabetes130,ablation_L2,32768,random_forest,0.5947,0.1524,0.1064,1.0,0.4053,0.215,10000,True,False,True,True,True
diabetes130,ablation_L3,42,random_forest,0.9689,0.978,0.0631,1.0,0.0311,0.465,10000,True,True,False,True,True
diabetes130,ablation_L3,123,random_forest,0.9632,0.9733,0.0676,1.0,0.0368,0.53,10000,True,True,False,True,True
diabetes130,ablation_L3,256,random_forest,0.9654,0.9748,0.0661,1.0,0.0346,0.505,10000,True,True,False,True,True
diabetes130,ablation_L3,512,random_forest,0.9649,0.9742,0.0648,1.0,0.0351,0.46,10000,True,True,False,True,True
diabetes130,ablation_L3,1024,random_forest,0.9723,0.9798,0.0626,1.0,0.0277,0.515,10000,True,True,False,True,True
diabetes130,ablation_L3,2048,random_forest,0.9691,0.9768,0.0623,1.0,0.0309,0.475,10000,True,True,False,True,True
diabetes130,ablation_L3,4096,random_forest,0.9688,0.9764,0.0621,1.0,0.0312,0.4967,10000,True,True,False,True,True
diabetes130,ablation_L3,8192,random_forest,0.9711,0.9784,0.0614,1.0,0.0289,0.455,10000,True,True,False,True,True
diabetes130,ablation_L3,16384,random_forest,0.9688,0.9772,0.0645,1.0,0.0312,0.505,10000,True,True,False,True,True
diabetes130,ablation_L3,32768,random_forest,0.9735,0.9795,0.0612,1.0,0.0265,0.49,10000,True,True,False,True,True
diabetes130,ablation_L4,42,random_forest,0.9672,0.9771,0.0646,1.0,0.0328,0.415,10000,True,True,True,False,True
diabetes130,ablation_L4,123,random_forest,0.9616,0.9726,0.0664,1.0,0.0384,0.515,10000,True,True,True,False,True
diabetes130,ablation_L4,256,random_forest,0.9689,0.9774,0.0625,1.0,0.0311,0.495,10000,True,True,True,False,True
diabetes130,ablation_L4,512,random_forest,0.9706,0.977,0.063,1.0,0.0294,0.445,10000,True,True,True,False,True
diabetes130,ablation_L4,1024,random_forest,0.9731,0.9806,0.0593,1.0,0.0269,0.47,10000,True,True,True,False,True
diabetes130,ablation_L4,2048,random_forest,0.9656,0.9739,0.0654,1.0,0.0344,0.53,10000,True,True,True,False,True
diabetes130,ablation_L4,4096,random_forest,0.9651,0.9736,0.0668,1.0,0.0349,0.49,10000,True,True,True,False,True
diabetes130,ablation_L4,8192,random_forest,0.9728,0.9796,0.0603,1.0,0.0272,0.48,10000,True,True,True,False,True
diabetes130,ablation_L4,16384,random_forest,0.9657,0.9758,0.0653,1.0,0.0343,0.5,10000,True,True,True,False,True
diabetes130,ablation_L4,32768,random_forest,0.9638,0.9735,0.0681,1.0,0.0362,0.49,10000,True,True,True,False,True
diabetes130,ablation_L5,42,random_forest,0.9706,0.9787,0.0634,1.0,0.0294,0.525,10000,True,True,True,True,False
diabetes130,ablation_L5,123,random_forest,0.9634,0.9737,0.0677,1.0,0.0366,0.505,10000,True,True,True,True,False
diabetes130,ablation_L5,256,random_forest,0.9676,0.9762,0.0653,1.0,0.0324,0.475,10000,True,True,True,True,False
diabetes130,ablation_L5,512,random_forest,0.9692,0.977,0.0627,1.0,0.0308,0.485,10000,True,True,True,True,False
diabetes130,ablation_L5,1024,random_forest,0.9723,0.9798,0.0626,1.0,0.0277,0.53,10000,True,True,True,True,False
diabetes130,ablation_L5,2048,random_forest,0.9691,0.9768,0.0623,1.0,0.0309,0.515,10000,True,True,True,True,False
diabetes130,ablation_L5,4096,random_forest,0.9707,0.9778,0.0619,1.0,0.0293,0.515,10000,True,True,True,True,False
diabetes130,ablation_L5,8192,random_forest,0.9711,0.9784,0.0614,1.0,0.0289,0.515,10000,True,True,True,True,False
diabetes130,ablation_L5,16384,random_forest,0.9692,0.9776,0.0644,1.0,0.0308,0.475,10000,True,True,True,True,False
diabetes130,ablation_L5,32768,random_forest,0.9735,0.9795,0.0612,1.0,0.0265,0.48,10000,True,True,True,True,False
diabetes130,all_leaky,42,random_forest,0.9664,0.9764,0.065,1.0,0.0336,0.47,10000,True,True,True,True,True
diabetes130,all_leaky,123,random_forest,0.9632,0.9733,0.0676,1.0,0.0368,0.53,10000,True,True,True,True,True
diabetes130,all_leaky,256,random_forest,0.9676,0.9762,0.0653,1.0,0.0324,0.485,10000,True,True,True,True,True
diabetes130,all_leaky,512,random_forest,0.9692,0.977,0.0627,1.0,0.0308,0.54,10000,True,True,True,True,True
diabetes130,all_leaky,1024,random_forest,0.9723,0.9798,0.0626,1.0,0.0277,0.515,10000,True,True,True,True,True
diabetes130,all_leaky,2048,random_forest,0.9691,0.9768,0.0623,1.0,0.0309,0.475,10000,True,True,True,True,True
diabetes130,all_leaky,4096,random_forest,0.9707,0.9778,0.0619,1.0,0.0293,0.495,10000,True,True,True,True,True
diabetes130,all_leaky,8192,random_forest,0.9711,0.9784,0.0614,1.0,0.0289,0.455,10000,True,True,True,True,True
diabetes130,all_leaky,16384,random_forest,0.9692,0.9776,0.0644,1.0,0.0308,0.465,10000,True,True,True,True,True
diabetes130,all_leaky,32768,random_forest,0.971,0.978,0.0618,1.0,0.029,0.465,10000,True,True,True,True,True
diabetes130,clean,42,random_forest,0.624,0.1634,0.1051,1.0,0.376,0.18,10000,False,False,False,False,False
diabetes130,clean,123,random_forest,0.6199,0.1778,0.1067,1.0,0.3801,0.33,10000,False,False,False,False,False
diabetes130,clean,256,random_forest,0.6335,0.1623,0.0985,1.0,0.3665,0.125,10000,False,False,False,False,False
diabetes130,clean,512,random_forest,0.6238,0.1324,0.0965,1.0,0.3762,0.225,10000,False,False,False,False,False
diabetes130,clean,1024,random_forest,0.5852,0.14,0.1071,1.0,0.4148,0.13,10000,False,False,False,False,False
diabetes130,clean,2048,random_forest,0.5972,0.1619,0.1092,1.0,0.4028,0.145,10000,False,False,False,False,False
diabetes130,clean,4096,random_forest,0.6125,0.192,0.1056,1.0,0.3875,0.205,10000,False,False,False,False,False
diabetes130,clean,8192,random_forest,0.6256,0.1784,0.1028,1.0,0.3744,0.11,10000,False,False,False,False,False
diabetes130,clean,16384,random_forest,0.6156,0.1584,0.0982,1.0,0.3844,0.16,10000,False,False,False,False,False
diabetes130,clean,32768,random_forest,0.6231,0.1788,0.109,1.0,0.3769,0.135,10000,False,False,False,False,False
