Variable	Table	SASLabel	EnglishText	EnglishInstructions	Target	UseConstraints	IsPhenotype	OntologyMapped
WTPH2YR	FOLFMS_L	WTPH2YR						
MCQ160A	MCQ_L	MCQ160A						
MCQ160B	MCQ_L	MCQ160B						
MCQ160C	MCQ_L	MCQ160C						
MCQ160D	MCQ_L	MCQ160D						
MCQ160E	MCQ_L	MCQ160E						
MCQ160F	MCQ_L	MCQ160F						
MCQ160M	MCQ_L	MCQ160M						
MCQ170M	MCQ_L	MCQ170M						
MCQ160P	MCQ_L	MCQ160P						
MCQ160L	MCQ_L	MCQ160L						
MCQ170L	MCQ_L	MCQ170L						
MCQ510A	MCQ_L	MCQ510A						
MCQ510B	MCQ_L	MCQ510B						
MCQ510C	MCQ_L	MCQ510C						
MCQ510D	MCQ_L	MCQ510D						
MCQ510E	MCQ_L	MCQ510E						
MCQ510F	MCQ_L	MCQ510F						
MCQ230A	MCQ_L	MCQ230A						
MCQ230B	MCQ_L	MCQ230B						
MCQ230C	MCQ_L	MCQ230C						
MCQ230D	MCQ_L	MCQ230D						
SEQN	SSCAFE_A	Respondent sequence number						
WTSSCAF2	SSCAFE_A	Surplus specimen caffeine 2 year weights						
WTSSCAF4	SSCAFE_A	Surplus specimen caffeine 4 year weights						
SSMU1	SSCAFE_A	1-methyluric acid (umol/L)						
SSMU1LC	SSCAFE_A	1-methyluric acid comment code						
SSMU3	SSCAFE_A	7-methyluric acid (umol/L)						
SSMU3LC	SSCAFE_A	7-methyluric acid comment code						
SSMU4	SSCAFE_A	1,3-dimethyluric acid (umol/L)						
SSMU4LC	SSCAFE_A	1,3-dimethyluric acid comment code						
SSMU5	SSCAFE_A	1,7-dimethyluric acid (umol/L)						
SSMU5LC	SSCAFE_A	1,7-dimethyluric acid comment code						
SSMU6	SSCAFE_A	3,7-dimethyluric acid (umol/L)						
SSMU6LC	SSCAFE_A	3,7-dimethyluric acid comment code						
SSMU7	SSCAFE_A	1,3,7-trimethyluric acid (umol/L)						
SSMU7LC	SSCAFE_A	1,3,7-trimethyluric acid comment code						
SSMX1	SSCAFE_A	1-methylxanthine (umol/L)						
SSMX1LC	SSCAFE_A	1-methylxanthine comment code						
SSMX2	SSCAFE_A	3-methylxanthine (umol/L)						
SSMX2LC	SSCAFE_A	3-methylxanthine comment code						
SSMX3	SSCAFE_A	7-methylxanthine (umol/L)						
SSMX3LC	SSCAFE_A	7-methylxanthine comment code						
SSMX4	SSCAFE_A	1,3-dimethylxanthine(theophylline)umol/L						
SSMX4LC	SSCAFE_A	1,3-dimethylxanthine comment code						
SSMX5	SSCAFE_A	1,7-dimethylxanthine(paraxanthine)umol/L						
SSMX5LC	SSCAFE_A	1,7-dimethylxanthine comment code						
SSMX6	SSCAFE_A	3,7-dimethylxanthine(theobromine)umol/L						
SSMX6LC	SSCAFE_A	3,7-dimethylxanthine comment code						
SSMX7	SSCAFE_A	1,3,7-trimethylxanthine(caffeine)umol/L						
SSMX7LC	SSCAFE_A	1,3,7-trimethylxanthine comment code						
SSAMU	SSCAFE_A	5-actylamino-6-amno-3-methyluracil(uM/L)						
SSAMULC	SSCAFE_A	5-actylamno-6-amno-3-methylucl cmnt code						
RXDDRGID	RXQ_DRUG	Generic drug code						
RXDDRUG	RXQ_DRUG	RXDDRUG						
RXDINGFL	RXQ_DRUG	RXDINGFL						
RXDDCI1A	RXQ_DRUG	RXDDCI1A						
RXDDCI1B	RXQ_DRUG	RXDDCI1B						
RXDDCI1C	RXQ_DRUG	RXDDCI1C						
RXDDCI2A	RXQ_DRUG	RXDDCI2A						
RXDDCI2B	RXQ_DRUG	RXDDCI2B						
RXDDCI2C	RXQ_DRUG	RXDDCI2C						
RXDDCI3A	RXQ_DRUG	RXDDCI3A						
RXDDCI3B	RXQ_DRUG	RXDDCI3B						
RXDDCI3C	RXQ_DRUG	RXDDCI3C						
RXDDCI4A	RXQ_DRUG	RXDDCI4A						
RXDDCI4B	RXQ_DRUG	RXDDCI4B						
RXDDCI4C	RXQ_DRUG	RXDDCI4C						
RXDICI1A	RXQ_DRUG	RXDICI1A						
RXDICI1B	RXQ_DRUG	RXDICI1B						
RXDICI1C	RXQ_DRUG	RXDICI1C						
RXDICI2A	RXQ_DRUG	RXDICI2A						
RXDICI2B	RXQ_DRUG	RXDICI2B						
RXDICI2C	RXQ_DRUG	RXDICI2C						
RXDICI3A	RXQ_DRUG	RXDICI3A						
RXDICI3B	RXQ_DRUG	RXDICI3B						
RXDICI3C	RXQ_DRUG	RXDICI3C						
RXDICI4A	RXQ_DRUG	RXDICI4A						
RXDICI4B	RXQ_DRUG	RXDICI4B						
RXDICI4C	RXQ_DRUG	RXDICI4C						
RXDICI5A	RXQ_DRUG	RXDICI5A						
RXDICI5B	RXQ_DRUG	RXDICI5B						
RXDICI5C	RXQ_DRUG	RXDICI5C						
RXDICI6A	RXQ_DRUG	RXDICI6A						
RXDICI6B	RXQ_DRUG	RXDICI6B						
RXDICI6C	RXQ_DRUG	RXDICI6C						
RXDDCN1A	RXQ_DRUG	RXDDCN1A						
RXDDCN1B	RXQ_DRUG	RXDDCN1B						
RXDDCN1C	RXQ_DRUG	RXDDCN1C						
RXDDCN2A	RXQ_DRUG	RXDDCN2A						
RXDDCN2B	RXQ_DRUG	RXDDCN2B						
RXDDCN2C	RXQ_DRUG	RXDDCN2C						
RXDDCN3A	RXQ_DRUG	RXDDCN3A						
RXDDCN3B	RXQ_DRUG	RXDDCN3B						
RXDDCN3C	RXQ_DRUG	RXDDCN3C						
RXDDCN4A	RXQ_DRUG	RXDDCN4A						
RXDDCN4B	RXQ_DRUG	RXDDCN4B						
RXDDCN4C	RXQ_DRUG	RXDDCN4C						
RXDICN1A	RXQ_DRUG	RXDICN1A						
RXDICN1B	RXQ_DRUG	RXDICN1B						
RXDICN1C	RXQ_DRUG	RXDICN1C						
RXDICN2A	RXQ_DRUG	RXDICN2A						
RXDICN2B	RXQ_DRUG	RXDICN2B						
RXDICN2C	RXQ_DRUG	RXDICN2C						
RXDICN3A	RXQ_DRUG	RXDICN3A						
RXDICN3B	RXQ_DRUG	RXDICN3B						
RXDICN3C	RXQ_DRUG	RXDICN3C						
RXDICN4A	RXQ_DRUG	RXDICN4A						
RXDICN4B	RXQ_DRUG	RXDICN4B						
RXDICN4C	RXQ_DRUG	RXDICN4C						
RXDICN5A	RXQ_DRUG	RXDICN5A						
RXDICN5B	RXQ_DRUG	RXDICN5B						
RXDICN5C	RXQ_DRUG	RXDICN5C						
RXDICN6A	RXQ_DRUG	RXDICN6A						
RXDICN6B	RXQ_DRUG	RXDICN6B						
RXDICN6C	RXQ_DRUG	RXDICN6C						
FMTNAME	DRXFMT	FMTNAME						
START	DRXFMT	START						
LABEL	DRXFMT	LABEL						
SEQN	SSCAFE_B	SEQN						
WTSSCAF2	SSCAFE_B	WTSSCAF2						
WTSSCAF4	SSCAFE_B	WTSSCAF4						
SSMU1	SSCAFE_B	SSMU1						
SSMU1LC	SSCAFE_B	SSMU1LC						
SSMU3	SSCAFE_B	SSMU3						
SSMU3LC	SSCAFE_B	SSMU3LC						
SSMU4	SSCAFE_B	SSMU4						
SSMU4LC	SSCAFE_B	SSMU4LC						
SSMU5	SSCAFE_B	SSMU5						
SSMU5LC	SSCAFE_B	SSMU5LC						
SSMU6	SSCAFE_B	SSMU6						
SSMU6LC	SSCAFE_B	SSMU6LC						
SSMU7	SSCAFE_B	SSMU7						
SSMU7LC	SSCAFE_B	SSMU7LC						
SSMX1	SSCAFE_B	SSMX1						
SSMX1LC	SSCAFE_B	SSMX1LC						
SSMX2	SSCAFE_B	SSMX2						
SSMX2LC	SSCAFE_B	SSMX2LC						
SSMX3	SSCAFE_B	SSMX3						
SSMX3LC	SSCAFE_B	SSMX3LC						
SSMX4	SSCAFE_B	SSMX4						
SSMX4LC	SSCAFE_B	SSMX4LC						
SSMX5	SSCAFE_B	SSMX5						
SSMX5LC	SSCAFE_B	SSMX5LC						
SSMX6	SSCAFE_B	SSMX6						
SSMX6LC	SSCAFE_B	SSMX6LC						
SSMX7	SSCAFE_B	SSMX7						
SSMX7LC	SSCAFE_B	SSMX7LC						
SSAMU	SSCAFE_B	SSAMU						
SSAMULC	SSCAFE_B	SSAMULC						
FMTNAME	DRXFMT_B	FMTNAME						
START	DRXFMT_B	START						
LABEL	DRXFMT_B	LABEL						
FFQ_FOOD	FOODLK_C	FFQ_FOOD						
VALUE	FOODLK_C	VALUE						
FFQ_VAR	VARLK_C	FFQ_VAR						
VALUE	VARLK_C	VALUE						
SEQN	POOLTF_D	SEQN						
SAMPLEID	POOLTF_D	SAMPLEID						
WTSC2YRA	POOLTF_D	WTSC2YRA						
FFQ_FOOD	FOODLK_D	FFQ_FOOD						
VALUE	FOODLK_D	VALUE						
FFQ_VAR	VARLK_D	FFQ_VAR						
VALUE	VARLK_D	VALUE						
SEQN	POOLTF_E	SEQN						
SAMPLEID	POOLTF_E	SAMPLEID						
WTSA2YRA	POOLTF_E	WTSA2YRA						
SAMPLEID	DOXPOL_H	SAMPLEID						
RIAGENDR	DOXPOL_H	RIAGENDR						
RIDRETH3	DOXPOL_H	RIDRETH3						
RIDAGGRP	DOXPOL_H	RIDAGGRP						
RIANSMP	DOXPOL_H	RIANSMP						
WTSMSMPA	DOXPOL_H	WTSMSMPA						
LBCD01	DOXPOL_H	LBCD01						
LBCD02	DOXPOL_H	LBCD02						
LBCD03	DOXPOL_H	LBCD03						
LBCD04	DOXPOL_H	LBCD04						
LBCD05	DOXPOL_H	LBCD05						
LBCD07	DOXPOL_H	LBCD07						
LBCF01	DOXPOL_H	LBCF01						
LBCF02	DOXPOL_H	LBCF02						
LBCF03	DOXPOL_H	LBCF03						
LBCF04	DOXPOL_H	LBCF04						
LBCF05	DOXPOL_H	LBCF05						
LBCF06	DOXPOL_H	LBCF06						
LBCF07	DOXPOL_H	LBCF07						
LBCF08	DOXPOL_H	LBCF08						
LBCF09	DOXPOL_H	LBCF09						
LBCF10	DOXPOL_H	LBCF10						
LBCHXC	DOXPOL_H	LBCHXC						
LBCPCB	DOXPOL_H	LBCPCB						
LBCTC2	DOXPOL_H	LBCTC2						
LBCTCD	DOXPOL_H	LBCTCD						
LBCD01LA	DOXPOL_H	LBCD01LA						
LBCD02LA	DOXPOL_H	LBCD02LA						
LBCD03LA	DOXPOL_H	LBCD03LA						
LBCD04LA	DOXPOL_H	LBCD04LA						
LBCD05LA	DOXPOL_H	LBCD05LA						
LBCD07LA	DOXPOL_H	LBCD07LA						
LBCF01LA	DOXPOL_H	LBCF01LA						
LBCF02LA	DOXPOL_H	LBCF02LA						
LBCF03LA	DOXPOL_H	LBCF03LA						
LBCF04LA	DOXPOL_H	LBCF04LA						
LBCF05LA	DOXPOL_H	LBCF05LA						
LBCF06LA	DOXPOL_H	LBCF06LA						
LBCF07LA	DOXPOL_H	LBCF07LA						
LBCF08LA	DOXPOL_H	LBCF08LA						
LBCF09LA	DOXPOL_H	LBCF09LA						
LBCF10LA	DOXPOL_H	LBCF10LA						
LBCHXCLA	DOXPOL_H	LBCHXCLA						
LBCPCBLA	DOXPOL_H	LBCPCBLA						
LBCTC2LA	DOXPOL_H	LBCTC2LA						
LBCTCDLA	DOXPOL_H	LBCTCDLA						
LBDD01LC	DOXPOL_H	LBDD01LC						
LBDD02LC	DOXPOL_H	LBDD02LC						
LBDD03LC	DOXPOL_H	LBDD03LC						
LBDD04LC	DOXPOL_H	LBDD04LC						
LBDD05LC	DOXPOL_H	LBDD05LC						
LBDD07LC	DOXPOL_H	LBDD07LC						
LBDF01LC	DOXPOL_H	LBDF01LC						
LBDF02LC	DOXPOL_H	LBDF02LC						
LBDF03LC	DOXPOL_H	LBDF03LC						
LBDF04LC	DOXPOL_H	LBDF04LC						
LBDF05LC	DOXPOL_H	LBDF05LC						
LBDF06LC	DOXPOL_H	LBDF06LC						
LBDF07LC	DOXPOL_H	LBDF07LC						
LBDF08LC	DOXPOL_H	LBDF08LC						
LBDF09LC	DOXPOL_H	LBDF09LC						
LBDF10LC	DOXPOL_H	LBDF10LC						
LBDHXCLC	DOXPOL_H	LBDHXCLC						
LBDPCBLC	DOXPOL_H	LBDPCBLC						
LBDTC2LC	DOXPOL_H	LBDTC2LC						
LBDTCDLC	DOXPOL_H	LBDTCDLC						
SAMPLEID	DOXPOL_I	SAMPLEID						
RIAGENDR	DOXPOL_I	RIAGENDR						
RIDRETH3	DOXPOL_I	RIDRETH3						
RIDAGGRP	DOXPOL_I	RIDAGGRP						
RIANSMP	DOXPOL_I	RIANSMP						
WTBSMSMA	DOXPOL_I	WTBSMSMA						
LBCD01	DOXPOL_I	LBCD01						
LBCD02	DOXPOL_I	LBCD02						
LBCD03	DOXPOL_I	LBCD03						
LBCD04	DOXPOL_I	LBCD04						
LBCD05	DOXPOL_I	LBCD05						
LBCD07	DOXPOL_I	LBCD07						
LBCF01	DOXPOL_I	LBCF01						
LBCF02	DOXPOL_I	LBCF02						
LBCF03	DOXPOL_I	LBCF03						
LBCF04	DOXPOL_I	LBCF04						
LBCF05	DOXPOL_I	LBCF05						
LBCF06	DOXPOL_I	LBCF06						
LBCF07	DOXPOL_I	LBCF07						
LBCF08	DOXPOL_I	LBCF08						
LBCF09	DOXPOL_I	LBCF09						
LBCF10	DOXPOL_I	LBCF10						
LBCHXC	DOXPOL_I	LBCHXC						
LBCPCB	DOXPOL_I	LBCPCB						
LBCTC2	DOXPOL_I	LBCTC2						
LBCTCD	DOXPOL_I	LBCTCD						
LBCD01LA	DOXPOL_I	LBCD01LA						
LBCD02LA	DOXPOL_I	LBCD02LA						
LBCD03LA	DOXPOL_I	LBCD03LA						
LBCD04LA	DOXPOL_I	LBCD04LA						
LBCD05LA	DOXPOL_I	LBCD05LA						
LBCD07LA	DOXPOL_I	LBCD07LA						
LBCF01LA	DOXPOL_I	LBCF01LA						
LBCF02LA	DOXPOL_I	LBCF02LA						
LBCF03LA	DOXPOL_I	LBCF03LA						
LBCF04LA	DOXPOL_I	LBCF04LA						
LBCF05LA	DOXPOL_I	LBCF05LA						
LBCF06LA	DOXPOL_I	LBCF06LA						
LBCF07LA	DOXPOL_I	LBCF07LA						
LBCF08LA	DOXPOL_I	LBCF08LA						
LBCF09LA	DOXPOL_I	LBCF09LA						
LBCF10LA	DOXPOL_I	LBCF10LA						
LBCHXCLA	DOXPOL_I	LBCHXCLA						
LBCPCBLA	DOXPOL_I	LBCPCBLA						
LBCTC2LA	DOXPOL_I	LBCTC2LA						
LBCTCDLA	DOXPOL_I	LBCTCDLA						
LBDD01LC	DOXPOL_I	LBDD01LC						
LBDD02LC	DOXPOL_I	LBDD02LC						
LBDD03LC	DOXPOL_I	LBDD03LC						
LBDD04LC	DOXPOL_I	LBDD04LC						
LBDD05LC	DOXPOL_I	LBDD05LC						
LBDD07LC	DOXPOL_I	LBDD07LC						
LBDF01LC	DOXPOL_I	LBDF01LC						
LBDF02LC	DOXPOL_I	LBDF02LC						
LBDF03LC	DOXPOL_I	LBDF03LC						
LBDF04LC	DOXPOL_I	LBDF04LC						
LBDF05LC	DOXPOL_I	LBDF05LC						
LBDF06LC	DOXPOL_I	LBDF06LC						
LBDF07LC	DOXPOL_I	LBDF07LC						
LBDF08LC	DOXPOL_I	LBDF08LC						
LBDF09LC	DOXPOL_I	LBDF09LC						
LBDF10LC	DOXPOL_I	LBDF10LC						
LBDHXCLC	DOXPOL_I	LBDHXCLC						
LBDPCBLC	DOXPOL_I	LBDPCBLC						
LBDTC2LC	DOXPOL_I	LBDTC2LC						
LBDTCDLC	DOXPOL_I	LBDTCDLC						
DRXFDCD	DRXFCD_I	DRXFDCD						
DRXFCSD	DRXFCD_I	DRXFCSD						
DRXFCLD	DRXFCD_I	DRXFCLD						
SEQN	SSNEON_J	SEQN						
WTSSBJ2Y	SSNEON_J	WTSSBJ2Y						
SSOHIM	SSNEON_J	SSOHIM						
SSOHIMLC	SSNEON_J	SSOHIMLC						
SSAND	SSNEON_J	SSAND						
SSANDLC	SSNEON_J	SSANDLC						
SSFLUP	SSNEON_J	SSFLUP						
SSFLUPLC	SSNEON_J	SSFLUPLC						
SSSLF1	SSNEON_J	SSSLF1						
SSSLF1LC	SSNEON_J	SSSLF1LC						
SSSLF2	SSNEON_J	SSSLF2						
SSSLF2LC	SSNEON_J	SSSLF2LC						
SEQN	EPHPP_J	SEQN						
WTSB2YR	EPHPP_J	WTSB2YR						
URXBP3	EPHPP_J	URXBP3						
URDBP3LC	EPHPP_J	URDBP3LC						
URXBPH	EPHPP_J	URXBPH						
URDBPHLC	EPHPP_J	URDBPHLC						
URXBPF	EPHPP_J	URXBPF						
URDBPFLC	EPHPP_J	URDBPFLC						
URXBPS	EPHPP_J	URXBPS						
URDBPSLC	EPHPP_J	URDBPSLC						
URXTLC	EPHPP_J	URXTLC						
URDTLCLC	EPHPP_J	URDTLCLC						
URXTRS	EPHPP_J	URXTRS						
URDTRSLC	EPHPP_J	URDTRSLC						
URXBUP	EPHPP_J	URXBUP						
URDBUPLC	EPHPP_J	URDBUPLC						
URXEPB	EPHPP_J	URXEPB						
URDEPBLC	EPHPP_J	URDEPBLC						
URXMPB	EPHPP_J	URXMPB						
URDMPBLC	EPHPP_J	URDMPBLC						
URXPPB	EPHPP_J	URXPPB						
URDPPBLC	EPHPP_J	URDPPBLC						
URX14D	EPHPP_J	URX14D						
URD14DLC	EPHPP_J	URD14DLC						
URXDCB	EPHPP_J	URXDCB						
URDDCBLC	EPHPP_J	URDDCBLC						
SEQN	PAH_J	SEQN						
WTSA2YR	PAH_J	WTSA2YR						
URXP01	PAH_J	URXP01						
URDP01LC	PAH_J	URDP01LC						
URXP03	PAH_J	URXP03						
URDP03LC	PAH_J	URDP03LC						
URXP04	PAH_J	URXP04						
URDP04LC	PAH_J	URDP04LC						
URXP06	PAH_J	URXP06						
URDP06LC	PAH_J	URDP06LC						
URXP10	PAH_J	URXP10						
URDP10LC	PAH_J	URDP10LC						
URXP25	PAH_J	URXP25						
URDP25LC	PAH_J	URDP25LC						
SEQN	UPHOPM_J	SEQN						
WTSB2YR	UPHOPM_J	WTSB2YR						
URX24D	UPHOPM_J	URX24D						
URD24DLC	UPHOPM_J	URD24DLC						
URXCPM	UPHOPM_J	URXCPM						
URDCPMLC	UPHOPM_J	URDCPMLC						
URX4FP	UPHOPM_J	URX4FP						
URD4FPLC	UPHOPM_J	URD4FPLC						
URXOPM	UPHOPM_J	URXOPM						
URDOPMLC	UPHOPM_J	URDOPMLC						
URXOXY	UPHOPM_J	URXOXY						
URDOXYLC	UPHOPM_J	URDOXYLC						
URXPAR	UPHOPM_J	URXPAR						
URDPARLC	UPHOPM_J	URDPARLC						
URXTCC	UPHOPM_J	URXTCC						
URDTCCLC	UPHOPM_J	URDTCCLC						
URXMAL	UPHOPM_J	URXMAL						
URDMALLC	UPHOPM_J	URDMALLC						
SEQN	SSTST_J	SEQN						
WTSSTS2Y	SSTST_J	WTSSTS2Y						
SST17H	SSTST_J	SST17H						
SST17HSI	SSTST_J	SST17HSI						
SST17HLC	SSTST_J	SST17HLC						
SSTAND	SSTST_J	SSTAND						
SSTANDSI	SSTST_J	SSTANDSI						
SSTANDLC	SSTST_J	SSTANDLC						
SSTAMH	SSTST_J	SSTAMH						
SSTAMHSI	SSTST_J	SSTAMHSI						
SSTAMHLC	SSTST_J	SSTAMHLC						
SSTEST	SSTST_J	SSTEST						
SSTESTSI	SSTST_J	SSTESTSI						
SSTESTLC	SSTST_J	SSTESTLC						
SSTESO	SSTST_J	SSTESO						
SSTESOSI	SSTST_J	SSTESOSI						
SSTESOLC	SSTST_J	SSTESOLC						
SSTES1	SSTST_J	SSTES1						
SSTES1SI	SSTST_J	SSTES1SI						
SSTES1LC	SSTST_J	SSTES1LC						
SSTFSH	SSTST_J	SSTFSH						
SSTFSHLC	SSTST_J	SSTFSHLC						
SSTLUH	SSTST_J	SSTLUH						
SSTLUHLC	SSTST_J	SSTLUHLC						
SSTPG4	SSTST_J	SSTPG4						
SSTPG4SI	SSTST_J	SSTPG4SI						
SSTPG4LC	SSTST_J	SSTPG4LC						
SSTSHBG	SSTST_J	SSTSHBG						
SSTSHGLC	SSTST_J	SSTSHGLC						
SEQN	SSUVCM_J	SEQN						
WTSSAJ2Y	SSUVCM_J	WTSSAJ2Y						
SSPPMA	SSUVCM_J	SSPPMA						
SSPPMALC	SSUVCM_J	SSPPMALC						
SSMMAC	SSUVCM_J	SSMMAC						
SSMMACLC	SSUVCM_J	SSMMACLC						
DRXFDCD	DRXFCD_J	DRXFDCD						
DRXFCSD	DRXFCD_J	DRXFCSD						
DRXFCLD	DRXFCD_J	DRXFCLD						
SEQN	DR1IFF_L	SEQN						
WTDRD1	DR1IFF_L	WTDRD1						
WTDR2D	DR1IFF_L	WTDR2D						
DR1ILINE	DR1IFF_L	DR1ILINE						
DR1DRSTZ	DR1IFF_L	DR1DRSTZ						
DR1EXMER	DR1IFF_L	DR1EXMER						
DRABF	DR1IFF_L	DRABF						
DRDINT	DR1IFF_L	DRDINT						
DR1DBIH	DR1IFF_L	DR1DBIH						
DR1DAY	DR1IFF_L	DR1DAY						
DR1LANG	DR1IFF_L	DR1LANG						
DR1CCMNM	DR1IFF_L	DR1CCMNM						
DR1CCMTX	DR1IFF_L	DR1CCMTX						
DR1_020	DR1IFF_L	DR1_020						
DR1_030Z	DR1IFF_L	DR1_030Z						
DR1FS	DR1IFF_L	DR1FS						
DR1_040Z	DR1IFF_L	DR1_040Z						
DR1IFDCD	DR1IFF_L	DR1IFDCD						
DR1IGRMS	DR1IFF_L	DR1IGRMS						
DR1IKCAL	DR1IFF_L	DR1IKCAL						
DR1IPROT	DR1IFF_L	DR1IPROT						
DR1ICARB	DR1IFF_L	DR1ICARB						
DR1ISUGR	DR1IFF_L	DR1ISUGR						
DR1IFIBE	DR1IFF_L	DR1IFIBE						
DR1ITFAT	DR1IFF_L	DR1ITFAT						
DR1ISFAT	DR1IFF_L	DR1ISFAT						
DR1IMFAT	DR1IFF_L	DR1IMFAT						
DR1IPFAT	DR1IFF_L	DR1IPFAT						
DR1ICHOL	DR1IFF_L	DR1ICHOL						
DR1IATOC	DR1IFF_L	DR1IATOC						
DR1IATOA	DR1IFF_L	DR1IATOA						
DR1IRET	DR1IFF_L	DR1IRET						
DR1IVARA	DR1IFF_L	DR1IVARA						
DR1IACAR	DR1IFF_L	DR1IACAR						
DR1IBCAR	DR1IFF_L	DR1IBCAR						
DR1ICRYP	DR1IFF_L	DR1ICRYP						
DR1ILYCO	DR1IFF_L	DR1ILYCO						
DR1ILZ	DR1IFF_L	DR1ILZ						
DR1IVB1	DR1IFF_L	DR1IVB1						
DR1IVB2	DR1IFF_L	DR1IVB2						
DR1INIAC	DR1IFF_L	DR1INIAC						
DR1IVB6	DR1IFF_L	DR1IVB6						
DR1IFOLA	DR1IFF_L	DR1IFOLA						
DR1IFA	DR1IFF_L	DR1IFA						
DR1IFF	DR1IFF_L	DR1IFF						
DR1IFDFE	DR1IFF_L	DR1IFDFE						
DR1ICHL	DR1IFF_L	DR1ICHL						
DR1IVB12	DR1IFF_L	DR1IVB12						
DR1IB12A	DR1IFF_L	DR1IB12A						
DR1IVC	DR1IFF_L	DR1IVC						
DR1IVD	DR1IFF_L	DR1IVD						
DR1IVK	DR1IFF_L	DR1IVK						
DR1ICALC	DR1IFF_L	DR1ICALC						
DR1IPHOS	DR1IFF_L	DR1IPHOS						
DR1IMAGN	DR1IFF_L	DR1IMAGN						
DR1IIRON	DR1IFF_L	DR1IIRON						
DR1IZINC	DR1IFF_L	DR1IZINC						
DR1ICOPP	DR1IFF_L	DR1ICOPP						
DR1ISODI	DR1IFF_L	DR1ISODI						
DR1IPOTA	DR1IFF_L	DR1IPOTA						
DR1ISELE	DR1IFF_L	DR1ISELE						
DR1ICAFF	DR1IFF_L	DR1ICAFF						
DR1ITHEO	DR1IFF_L	DR1ITHEO						
DR1IALCO	DR1IFF_L	DR1IALCO						
DR1IMOIS	DR1IFF_L	DR1IMOIS						
DR1IS040	DR1IFF_L	DR1IS040						
DR1IS060	DR1IFF_L	DR1IS060						
DR1IS080	DR1IFF_L	DR1IS080						
DR1IS100	DR1IFF_L	DR1IS100						
DR1IS120	DR1IFF_L	DR1IS120						
DR1IS140	DR1IFF_L	DR1IS140						
DR1IS160	DR1IFF_L	DR1IS160						
DR1IS180	DR1IFF_L	DR1IS180						
DR1IM161	DR1IFF_L	DR1IM161						
DR1IM181	DR1IFF_L	DR1IM181						
DR1IM201	DR1IFF_L	DR1IM201						
DR1IM221	DR1IFF_L	DR1IM221						
DR1IP182	DR1IFF_L	DR1IP182						
DR1IP183	DR1IFF_L	DR1IP183						
DR1IP184	DR1IFF_L	DR1IP184						
DR1IP204	DR1IFF_L	DR1IP204						
DR1IP205	DR1IFF_L	DR1IP205						
DR1IP225	DR1IFF_L	DR1IP225						
DR1IP226	DR1IFF_L	DR1IP226						
SEQN	DR2IFF_L	SEQN						
WTDRD1	DR2IFF_L	WTDRD1						
WTDR2D	DR2IFF_L	WTDR2D						
DR2ILINE	DR2IFF_L	DR2ILINE						
DR2DRSTZ	DR2IFF_L	DR2DRSTZ						
DR2EXMER	DR2IFF_L	DR2EXMER						
DRABF	DR2IFF_L	DRABF						
DRDINT	DR2IFF_L	DRDINT						
DR2DBIH	DR2IFF_L	DR2DBIH						
DR2DAY	DR2IFF_L	DR2DAY						
DR2LANG	DR2IFF_L	DR2LANG						
DR2CCMNM	DR2IFF_L	DR2CCMNM						
DR2CCMTX	DR2IFF_L	DR2CCMTX						
DR2_020	DR2IFF_L	DR2_020						
DR2_030Z	DR2IFF_L	DR2_030Z						
DR2FS	DR2IFF_L	DR2FS						
DR2_040Z	DR2IFF_L	DR2_040Z						
DR2IFDCD	DR2IFF_L	DR2IFDCD						
DR2IGRMS	DR2IFF_L	DR2IGRMS						
DR2IKCAL	DR2IFF_L	DR2IKCAL						
DR2IPROT	DR2IFF_L	DR2IPROT						
DR2ICARB	DR2IFF_L	DR2ICARB						
DR2ISUGR	DR2IFF_L	DR2ISUGR						
DR2IFIBE	DR2IFF_L	DR2IFIBE						
DR2ITFAT	DR2IFF_L	DR2ITFAT						
DR2ISFAT	DR2IFF_L	DR2ISFAT						
DR2IMFAT	DR2IFF_L	DR2IMFAT						
DR2IPFAT	DR2IFF_L	DR2IPFAT						
DR2ICHOL	DR2IFF_L	DR2ICHOL						
DR2IATOC	DR2IFF_L	DR2IATOC						
DR2IATOA	DR2IFF_L	DR2IATOA						
DR2IRET	DR2IFF_L	DR2IRET						
DR2IVARA	DR2IFF_L	DR2IVARA						
DR2IACAR	DR2IFF_L	DR2IACAR						
DR2IBCAR	DR2IFF_L	DR2IBCAR						
DR2ICRYP	DR2IFF_L	DR2ICRYP						
DR2ILYCO	DR2IFF_L	DR2ILYCO						
DR2ILZ	DR2IFF_L	DR2ILZ						
DR2IVB1	DR2IFF_L	DR2IVB1						
DR2IVB2	DR2IFF_L	DR2IVB2						
DR2INIAC	DR2IFF_L	DR2INIAC						
DR2IVB6	DR2IFF_L	DR2IVB6						
DR2IFOLA	DR2IFF_L	DR2IFOLA						
DR2IFA	DR2IFF_L	DR2IFA						
DR2IFF	DR2IFF_L	DR2IFF						
DR2IFDFE	DR2IFF_L	DR2IFDFE						
DR2ICHL	DR2IFF_L	DR2ICHL						
DR2IVB12	DR2IFF_L	DR2IVB12						
DR2IB12A	DR2IFF_L	DR2IB12A						
DR2IVC	DR2IFF_L	DR2IVC						
DR2IVD	DR2IFF_L	DR2IVD						
DR2IVK	DR2IFF_L	DR2IVK						
DR2ICALC	DR2IFF_L	DR2ICALC						
DR2IPHOS	DR2IFF_L	DR2IPHOS						
DR2IMAGN	DR2IFF_L	DR2IMAGN						
DR2IIRON	DR2IFF_L	DR2IIRON						
DR2IZINC	DR2IFF_L	DR2IZINC						
DR2ICOPP	DR2IFF_L	DR2ICOPP						
DR2ISODI	DR2IFF_L	DR2ISODI						
DR2IPOTA	DR2IFF_L	DR2IPOTA						
DR2ISELE	DR2IFF_L	DR2ISELE						
DR2ICAFF	DR2IFF_L	DR2ICAFF						
DR2ITHEO	DR2IFF_L	DR2ITHEO						
DR2IALCO	DR2IFF_L	DR2IALCO						
DR2IMOIS	DR2IFF_L	DR2IMOIS						
DR2IS040	DR2IFF_L	DR2IS040						
DR2IS060	DR2IFF_L	DR2IS060						
DR2IS080	DR2IFF_L	DR2IS080						
DR2IS100	DR2IFF_L	DR2IS100						
DR2IS120	DR2IFF_L	DR2IS120						
DR2IS140	DR2IFF_L	DR2IS140						
DR2IS160	DR2IFF_L	DR2IS160						
DR2IS180	DR2IFF_L	DR2IS180						
DR2IM161	DR2IFF_L	DR2IM161						
DR2IM181	DR2IFF_L	DR2IM181						
DR2IM201	DR2IFF_L	DR2IM201						
DR2IM221	DR2IFF_L	DR2IM221						
DR2IP182	DR2IFF_L	DR2IP182						
DR2IP183	DR2IFF_L	DR2IP183						
DR2IP184	DR2IFF_L	DR2IP184						
DR2IP204	DR2IFF_L	DR2IP204						
DR2IP205	DR2IFF_L	DR2IP205						
DR2IP225	DR2IFF_L	DR2IP225						
DR2IP226	DR2IFF_L	DR2IP226						
SEQN	DR1TOT_L	SEQN						
WTDRD1	DR1TOT_L	WTDRD1						
WTDR2D	DR1TOT_L	WTDR2D						
DR1DRSTZ	DR1TOT_L	DR1DRSTZ						
DR1EXMER	DR1TOT_L	DR1EXMER						
DRABF	DR1TOT_L	DRABF						
DRDINT	DR1TOT_L	DRDINT						
DR1DBIH	DR1TOT_L	DR1DBIH						
DR1DAY	DR1TOT_L	DR1DAY						
DR1LANG	DR1TOT_L	DR1LANG						
DR1MRESP	DR1TOT_L	DR1MRESP						
DR1HELP	DR1TOT_L	DR1HELP						
DBQ095Z	DR1TOT_L	DBQ095Z						
DBD100	DR1TOT_L	DBD100						
DRQSPREP	DR1TOT_L	DRQSPREP						
DR1STY	DR1TOT_L	DR1STY						
DR1SKY	DR1TOT_L	DR1SKY						
DRQSDIET	DR1TOT_L	DRQSDIET						
DRQSDT1	DR1TOT_L	DRQSDT1						
DRQSDT2	DR1TOT_L	DRQSDT2						
DRQSDT3	DR1TOT_L	DRQSDT3						
DRQSDT4	DR1TOT_L	DRQSDT4						
DRQSDT5	DR1TOT_L	DRQSDT5						
DRQSDT6	DR1TOT_L	DRQSDT6						
DRQSDT7	DR1TOT_L	DRQSDT7						
DRQSDT8	DR1TOT_L	DRQSDT8						
DRQSDT9	DR1TOT_L	DRQSDT9						
DRQSDT10	DR1TOT_L	DRQSDT10						
DRQSDT11	DR1TOT_L	DRQSDT11						
DRQSDT12	DR1TOT_L	DRQSDT12						
DRQSDT91	DR1TOT_L	DRQSDT91						
DR1TNUMF	DR1TOT_L	DR1TNUMF						
DR1TKCAL	DR1TOT_L	DR1TKCAL						
DR1TPROT	DR1TOT_L	DR1TPROT						
DR1TCARB	DR1TOT_L	DR1TCARB						
DR1TSUGR	DR1TOT_L	DR1TSUGR						
DR1TFIBE	DR1TOT_L	DR1TFIBE						
DR1TTFAT	DR1TOT_L	DR1TTFAT						
DR1TSFAT	DR1TOT_L	DR1TSFAT						
DR1TMFAT	DR1TOT_L	DR1TMFAT						
DR1TPFAT	DR1TOT_L	DR1TPFAT						
DR1TCHOL	DR1TOT_L	DR1TCHOL						
DR1TATOC	DR1TOT_L	DR1TATOC						
DR1TATOA	DR1TOT_L	DR1TATOA						
DR1TRET	DR1TOT_L	DR1TRET						
DR1TVARA	DR1TOT_L	DR1TVARA						
DR1TACAR	DR1TOT_L	DR1TACAR						
DR1TBCAR	DR1TOT_L	DR1TBCAR						
DR1TCRYP	DR1TOT_L	DR1TCRYP						
DR1TLYCO	DR1TOT_L	DR1TLYCO						
DR1TLZ	DR1TOT_L	DR1TLZ						
DR1TVB1	DR1TOT_L	DR1TVB1						
DR1TVB2	DR1TOT_L	DR1TVB2						
DR1TNIAC	DR1TOT_L	DR1TNIAC						
DR1TVB6	DR1TOT_L	DR1TVB6						
DR1TFOLA	DR1TOT_L	DR1TFOLA						
DR1TFA	DR1TOT_L	DR1TFA						
DR1TFF	DR1TOT_L	DR1TFF						
DR1TFDFE	DR1TOT_L	DR1TFDFE						
DR1TCHL	DR1TOT_L	DR1TCHL						
DR1TVB12	DR1TOT_L	DR1TVB12						
DR1TB12A	DR1TOT_L	DR1TB12A						
DR1TVC	DR1TOT_L	DR1TVC						
DR1TVD	DR1TOT_L	DR1TVD						
DR1TVK	DR1TOT_L	DR1TVK						
DR1TCALC	DR1TOT_L	DR1TCALC						
DR1TPHOS	DR1TOT_L	DR1TPHOS						
DR1TMAGN	DR1TOT_L	DR1TMAGN						
DR1TIRON	DR1TOT_L	DR1TIRON						
DR1TZINC	DR1TOT_L	DR1TZINC						
DR1TCOPP	DR1TOT_L	DR1TCOPP						
DR1TSODI	DR1TOT_L	DR1TSODI						
DR1TPOTA	DR1TOT_L	DR1TPOTA						
DR1TSELE	DR1TOT_L	DR1TSELE						
DR1TCAFF	DR1TOT_L	DR1TCAFF						
DR1TTHEO	DR1TOT_L	DR1TTHEO						
DR1TALCO	DR1TOT_L	DR1TALCO						
DR1TMOIS	DR1TOT_L	DR1TMOIS						
DR1TS040	DR1TOT_L	DR1TS040						
DR1TS060	DR1TOT_L	DR1TS060						
DR1TS080	DR1TOT_L	DR1TS080						
DR1TS100	DR1TOT_L	DR1TS100						
DR1TS120	DR1TOT_L	DR1TS120						
DR1TS140	DR1TOT_L	DR1TS140						
DR1TS160	DR1TOT_L	DR1TS160						
DR1TS180	DR1TOT_L	DR1TS180						
DR1TM161	DR1TOT_L	DR1TM161						
DR1TM181	DR1TOT_L	DR1TM181						
DR1TM201	DR1TOT_L	DR1TM201						
DR1TM221	DR1TOT_L	DR1TM221						
DR1TP182	DR1TOT_L	DR1TP182						
DR1TP183	DR1TOT_L	DR1TP183						
DR1TP184	DR1TOT_L	DR1TP184						
DR1TP204	DR1TOT_L	DR1TP204						
DR1TP205	DR1TOT_L	DR1TP205						
DR1TP225	DR1TOT_L	DR1TP225						
DR1TP226	DR1TOT_L	DR1TP226						
DR1_300	DR1TOT_L	DR1_300						
DR1_320Z	DR1TOT_L	DR1_320Z						
DR1_330Z	DR1TOT_L	DR1_330Z						
DR1BWATZ	DR1TOT_L	DR1BWATZ						
DR1TWSZ	DR1TOT_L	DR1TWSZ						
DRD340	DR1TOT_L	DRD340						
DRD350A	DR1TOT_L	DRD350A						
DRD350AQ	DR1TOT_L	DRD350AQ						
DRD350B	DR1TOT_L	DRD350B						
DRD350BQ	DR1TOT_L	DRD350BQ						
DRD350C	DR1TOT_L	DRD350C						
DRD350CQ	DR1TOT_L	DRD350CQ						
DRD350D	DR1TOT_L	DRD350D						
DRD350DQ	DR1TOT_L	DRD350DQ						
DRD350E	DR1TOT_L	DRD350E						
DRD350EQ	DR1TOT_L	DRD350EQ						
DRD350F	DR1TOT_L	DRD350F						
DRD350FQ	DR1TOT_L	DRD350FQ						
DRD350G	DR1TOT_L	DRD350G						
DRD350GQ	DR1TOT_L	DRD350GQ						
DRD350H	DR1TOT_L	DRD350H						
DRD350HQ	DR1TOT_L	DRD350HQ						
DRD350I	DR1TOT_L	DRD350I						
DRD350IQ	DR1TOT_L	DRD350IQ						
DRD350J	DR1TOT_L	DRD350J						
DRD350JQ	DR1TOT_L	DRD350JQ						
DRD350K	DR1TOT_L	DRD350K						
DRD360	DR1TOT_L	DRD360						
DRD370A	DR1TOT_L	DRD370A						
DRD370AQ	DR1TOT_L	DRD370AQ						
DRD370B	DR1TOT_L	DRD370B						
DRD370BQ	DR1TOT_L	DRD370BQ						
DRD370C	DR1TOT_L	DRD370C						
DRD370CQ	DR1TOT_L	DRD370CQ						
DRD370D	DR1TOT_L	DRD370D						
DRD370DQ	DR1TOT_L	DRD370DQ						
DRD370E	DR1TOT_L	DRD370E						
DRD370EQ	DR1TOT_L	DRD370EQ						
DRD370F	DR1TOT_L	DRD370F						
DRD370FQ	DR1TOT_L	DRD370FQ						
DRD370G	DR1TOT_L	DRD370G						
DRD370GQ	DR1TOT_L	DRD370GQ						
DRD370H	DR1TOT_L	DRD370H						
DRD370HQ	DR1TOT_L	DRD370HQ						
DRD370I	DR1TOT_L	DRD370I						
DRD370IQ	DR1TOT_L	DRD370IQ						
DRD370J	DR1TOT_L	DRD370J						
DRD370JQ	DR1TOT_L	DRD370JQ						
DRD370K	DR1TOT_L	DRD370K						
DRD370KQ	DR1TOT_L	DRD370KQ						
DRD370L	DR1TOT_L	DRD370L						
DRD370LQ	DR1TOT_L	DRD370LQ						
DRD370M	DR1TOT_L	DRD370M						
DRD370MQ	DR1TOT_L	DRD370MQ						
DRD370N	DR1TOT_L	DRD370N						
DRD370NQ	DR1TOT_L	DRD370NQ						
DRD370O	DR1TOT_L	DRD370O						
DRD370OQ	DR1TOT_L	DRD370OQ						
DRD370P	DR1TOT_L	DRD370P						
DRD370PQ	DR1TOT_L	DRD370PQ						
DRD370Q	DR1TOT_L	DRD370Q						
DRD370QQ	DR1TOT_L	DRD370QQ						
DRD370R	DR1TOT_L	DRD370R						
DRD370RQ	DR1TOT_L	DRD370RQ						
DRD370S	DR1TOT_L	DRD370S						
DRD370SQ	DR1TOT_L	DRD370SQ						
DRD370T	DR1TOT_L	DRD370T						
DRD370TQ	DR1TOT_L	DRD370TQ						
DRD370U	DR1TOT_L	DRD370U						
DRD370UQ	DR1TOT_L	DRD370UQ						
DRD370V	DR1TOT_L	DRD370V						
SEQN	DR2TOT_L	SEQN						
WTDRD1	DR2TOT_L	WTDRD1						
WTDR2D	DR2TOT_L	WTDR2D						
DR2DRSTZ	DR2TOT_L	DR2DRSTZ						
DR2EXMER	DR2TOT_L	DR2EXMER						
DRABF	DR2TOT_L	DRABF						
DRDINT	DR2TOT_L	DRDINT						
DR2DBIH	DR2TOT_L	DR2DBIH						
DR2DAY	DR2TOT_L	DR2DAY						
DR2LANG	DR2TOT_L	DR2LANG						
DR2MRESP	DR2TOT_L	DR2MRESP						
DR2HELP	DR2TOT_L	DR2HELP						
DR2TNUMF	DR2TOT_L	DR2TNUMF						
DR2STY	DR2TOT_L	DR2STY						
DR2SKY	DR2TOT_L	DR2SKY						
DR2TKCAL	DR2TOT_L	DR2TKCAL						
DR2TPROT	DR2TOT_L	DR2TPROT						
DR2TCARB	DR2TOT_L	DR2TCARB						
DR2TSUGR	DR2TOT_L	DR2TSUGR						
DR2TFIBE	DR2TOT_L	DR2TFIBE						
DR2TTFAT	DR2TOT_L	DR2TTFAT						
DR2TSFAT	DR2TOT_L	DR2TSFAT						
DR2TMFAT	DR2TOT_L	DR2TMFAT						
DR2TPFAT	DR2TOT_L	DR2TPFAT						
DR2TCHOL	DR2TOT_L	DR2TCHOL						
DR2TATOC	DR2TOT_L	DR2TATOC						
DR2TATOA	DR2TOT_L	DR2TATOA						
DR2TRET	DR2TOT_L	DR2TRET						
DR2TVARA	DR2TOT_L	DR2TVARA						
DR2TACAR	DR2TOT_L	DR2TACAR						
DR2TBCAR	DR2TOT_L	DR2TBCAR						
DR2TCRYP	DR2TOT_L	DR2TCRYP						
DR2TLYCO	DR2TOT_L	DR2TLYCO						
DR2TLZ	DR2TOT_L	DR2TLZ						
DR2TVB1	DR2TOT_L	DR2TVB1						
DR2TVB2	DR2TOT_L	DR2TVB2						
DR2TNIAC	DR2TOT_L	DR2TNIAC						
DR2TVB6	DR2TOT_L	DR2TVB6						
DR2TFOLA	DR2TOT_L	DR2TFOLA						
DR2TFA	DR2TOT_L	DR2TFA						
DR2TFF	DR2TOT_L	DR2TFF						
DR2TFDFE	DR2TOT_L	DR2TFDFE						
DR2TCHL	DR2TOT_L	DR2TCHL						
DR2TVB12	DR2TOT_L	DR2TVB12						
DR2TB12A	DR2TOT_L	DR2TB12A						
DR2TVC	DR2TOT_L	DR2TVC						
DR2TVD	DR2TOT_L	DR2TVD						
DR2TVK	DR2TOT_L	DR2TVK						
DR2TCALC	DR2TOT_L	DR2TCALC						
DR2TPHOS	DR2TOT_L	DR2TPHOS						
DR2TMAGN	DR2TOT_L	DR2TMAGN						
DR2TIRON	DR2TOT_L	DR2TIRON						
DR2TZINC	DR2TOT_L	DR2TZINC						
DR2TCOPP	DR2TOT_L	DR2TCOPP						
DR2TSODI	DR2TOT_L	DR2TSODI						
DR2TPOTA	DR2TOT_L	DR2TPOTA						
DR2TSELE	DR2TOT_L	DR2TSELE						
DR2TCAFF	DR2TOT_L	DR2TCAFF						
DR2TTHEO	DR2TOT_L	DR2TTHEO						
DR2TALCO	DR2TOT_L	DR2TALCO						
DR2TMOIS	DR2TOT_L	DR2TMOIS						
DR2TS040	DR2TOT_L	DR2TS040						
DR2TS060	DR2TOT_L	DR2TS060						
DR2TS080	DR2TOT_L	DR2TS080						
DR2TS100	DR2TOT_L	DR2TS100						
DR2TS120	DR2TOT_L	DR2TS120						
DR2TS140	DR2TOT_L	DR2TS140						
DR2TS160	DR2TOT_L	DR2TS160						
DR2TS180	DR2TOT_L	DR2TS180						
DR2TM161	DR2TOT_L	DR2TM161						
DR2TM181	DR2TOT_L	DR2TM181						
DR2TM201	DR2TOT_L	DR2TM201						
DR2TM221	DR2TOT_L	DR2TM221						
DR2TP182	DR2TOT_L	DR2TP182						
DR2TP183	DR2TOT_L	DR2TP183						
DR2TP184	DR2TOT_L	DR2TP184						
DR2TP204	DR2TOT_L	DR2TP204						
DR2TP205	DR2TOT_L	DR2TP205						
DR2TP225	DR2TOT_L	DR2TP225						
DR2TP226	DR2TOT_L	DR2TP226						
DR2_300	DR2TOT_L	DR2_300						
DR2_320Z	DR2TOT_L	DR2_320Z						
DR2_330Z	DR2TOT_L	DR2_330Z						
DR2BWATZ	DR2TOT_L	DR2BWATZ						
DR2TWSZ	DR2TOT_L	DR2TWSZ						
DRXFDCD	DRXFCD_L	DRXFDCD						
DRXFCSD	DRXFCD_L	DRXFCSD						
DRXFCLD	DRXFCD_L	DRXFCLD						
SEQN	DSQIDS_L	SEQN						
WTDRD1	DSQIDS_L	WTDRD1						
DSDPID	DSQIDS_L	DSDPID						
DSDSUPP	DSQIDS_L	DSDSUPP						
DSDANTA	DSQIDS_L	DSDANTA						
DSD070	DSQIDS_L	DSD070						
DSDMTCH	DSQIDS_L	DSDMTCH						
DSD103	DSQIDS_L	DSD103						
DSD122Q	DSQIDS_L	DSD122Q						
DSD122U	DSQIDS_L	DSD122U						
DSDACTSS	DSQIDS_L	DSDACTSS						
DSQIKCAL	DSQIDS_L	DSQIKCAL						
DSQIPROT	DSQIDS_L	DSQIPROT						
DSQICARB	DSQIDS_L	DSQICARB						
DSQISUGR	DSQIDS_L	DSQISUGR						
DSQIFIBE	DSQIDS_L	DSQIFIBE						
DSQITFAT	DSQIDS_L	DSQITFAT						
DSQISFAT	DSQIDS_L	DSQISFAT						
DSQIMFAT	DSQIDS_L	DSQIMFAT						
DSQIPFAT	DSQIDS_L	DSQIPFAT						
DSQICHOL	DSQIDS_L	DSQICHOL						
DSQILYCO	DSQIDS_L	DSQILYCO						
DSQILZ	DSQIDS_L	DSQILZ						
DSQIVB1	DSQIDS_L	DSQIVB1						
DSQIVB2	DSQIDS_L	DSQIVB2						
DSQINIAC	DSQIDS_L	DSQINIAC						
DSQIVB6	DSQIDS_L	DSQIVB6						
DSQIFA	DSQIDS_L	DSQIFA						
DSQIFDFE	DSQIDS_L	DSQIFDFE						
DSQICHL	DSQIDS_L	DSQICHL						
DSQIVB12	DSQIDS_L	DSQIVB12						
DSQIVC	DSQIDS_L	DSQIVC						
DSQIVK	DSQIDS_L	DSQIVK						
DSQIVD	DSQIDS_L	DSQIVD						
DSQICALC	DSQIDS_L	DSQICALC						
DSQIPHOS	DSQIDS_L	DSQIPHOS						
DSQIMAGN	DSQIDS_L	DSQIMAGN						
DSQIIRON	DSQIDS_L	DSQIIRON						
DSQIZINC	DSQIDS_L	DSQIZINC						
DSQICOPP	DSQIDS_L	DSQICOPP						
DSQISODI	DSQIDS_L	DSQISODI						
DSQIPOTA	DSQIDS_L	DSQIPOTA						
DSQISELE	DSQIDS_L	DSQISELE						
DSQICAFF	DSQIDS_L	DSQICAFF						
DSQIIODI	DSQIDS_L	DSQIIODI						
SEQN	DSQTOT_L	SEQN						
WTDRD1	DSQTOT_L	WTDRD1						
DSDCOUNT	DSQTOT_L	DSDCOUNT						
DSDANCNT	DSQTOT_L	DSDANCNT						
DSD010	DSQTOT_L	DSD010						
DSD010AN	DSQTOT_L	DSD010AN						
DSQTKCAL	DSQTOT_L	DSQTKCAL						
DSQTPROT	DSQTOT_L	DSQTPROT						
DSQTCARB	DSQTOT_L	DSQTCARB						
DSQTSUGR	DSQTOT_L	DSQTSUGR						
DSQTFIBE	DSQTOT_L	DSQTFIBE						
DSQTTFAT	DSQTOT_L	DSQTTFAT						
DSQTSFAT	DSQTOT_L	DSQTSFAT						
DSQTMFAT	DSQTOT_L	DSQTMFAT						
DSQTPFAT	DSQTOT_L	DSQTPFAT						
DSQTCHOL	DSQTOT_L	DSQTCHOL						
DSQTLYCO	DSQTOT_L	DSQTLYCO						
DSQTLZ	DSQTOT_L	DSQTLZ						
DSQTVB1	DSQTOT_L	DSQTVB1						
DSQTVB2	DSQTOT_L	DSQTVB2						
DSQTNIAC	DSQTOT_L	DSQTNIAC						
DSQTVB6	DSQTOT_L	DSQTVB6						
DSQTFA	DSQTOT_L	DSQTFA						
DSQTFDFE	DSQTOT_L	DSQTFDFE						
DSQTCHL	DSQTOT_L	DSQTCHL						
DSQTVB12	DSQTOT_L	DSQTVB12						
DSQTVC	DSQTOT_L	DSQTVC						
DSQTVK	DSQTOT_L	DSQTVK						
DSQTVD	DSQTOT_L	DSQTVD						
DSQTCALC	DSQTOT_L	DSQTCALC						
DSQTPHOS	DSQTOT_L	DSQTPHOS						
DSQTMAGN	DSQTOT_L	DSQTMAGN						
DSQTIRON	DSQTOT_L	DSQTIRON						
DSQTZINC	DSQTOT_L	DSQTZINC						
DSQTCOPP	DSQTOT_L	DSQTCOPP						
DSQTSODI	DSQTOT_L	DSQTSODI						
DSQTPOTA	DSQTOT_L	DSQTPOTA						
DSQTSELE	DSQTOT_L	DSQTSELE						
DSQTCAFF	DSQTOT_L	DSQTCAFF						
DSQTIODI	DSQTOT_L	DSQTIODI						
